index,value
0,0.0315307
1,0.0573718
2,0.0562251
3,0.0341723
4,0.0171597
5,0.0192298
6,0.0168824
7,0.0425189
8,0.0200207
9,0.0142118
10,0.00978606
11,0.0414421
12,-0.000958047
13,0.03347
14,0.0588284
15,0.0295897
16,0.0633345
17,0.0293599
18,0.0312775
19,0.0552142
20,0.0157283
21,0.0474401
22,0.0342528
23,0.0306573
24,0.036712
25,0.073823
26,0.0411418
27,0.0451488
28,0.0547089
29,0.0234144
30,0.0325075
31,0.0486831
32,0.0290915
33,0.0524736
34,0.0627486
35,0.0573183
36,0.0397753
37,0.0427926
38,0.0180608
39,0.0594991
40,0.0260212
41,0.0336385
42,0.0171184
43,0.0436514
44,0.0113631
45,0.043193
46,0.0330209
47,0.0283793
48,0.0432898
49,0.0191428
50,0.00373922
51,0.0344924
52,0.0287047
53,0.0432959
54,0.0245194
55,0.0275578
56,0.0200269
57,0.0497615
58,0.0163514
59,0.0279314
60,0.0210875
61,0.0229133
62,0.0125491
63,0.0320481
64,0.0606021
65,0.0603819
66,0.013173
67,0.0170442
68,0.0295248
69,0.0286427
70,0.0440724
71,0.050676
72,0.0101026
73,0.0230193
74,0.0304583
75,0.0327877
76,0.0252344
77,0.0470026
78,0.019095
79,0.036256
80,0.016257
81,0.0516841
82,0.0122506
83,0.0317094
84,0.0537479
85,0.0265929
86,0.00897075
87,0.0474818
88,0.0554651
89,0.0748245
90,0.0393862
91,0.0506876
92,0.0465942
93,0.0519606
94,0.0354549
95,0.0198195
96,0.0294756
97,0.0407263
98,0.033248
99,0.0633064
100,0.0281947
101,0.0276495
102,0.025647
103,0.0321575
104,0.0316875
105,0.0711792
106,0.0442897
107,0.0209073
108,0.0527239
109,0.0212595
110,0.0311816
111,0.0190374
112,0.0192352
113,0.0191847
114,0.0455774
115,0.0370902
116,0.0337848
117,0.0245482
118,0.0315129
119,0.0213614
120,0.018378
121,0.0268835
122,0.0338461
123,0.043041
124,0.0560279
125,0.0768744
126,0.0489924
127,0.0546335
128,0.0478002
129,0.0670844
130,0.0230114
131,0.0583783
132,0.0375256
133,0.0593337
134,0.0273648
135,0.0301511
136,0.0439354
137,0.0483282
138,0.0499962
139,0.020947
140,0.0202928
141,0.0305574
142,0.0284108
143,0.0191323
144,0.0225841
145,0.0604683
146,0.0283037
147,0.0366759
148,0.0434885
149,0.0245093
150,0.0184495
151,0.0057991
152,0.0256057
153,0.0120308
154,0.0183814
155,0.0223788
156,0.0271489
157,0.0122236
158,0.0491019
159,0.0380153
160,0.0640528
161,0.0106975
162,0.0276112
163,0.0123853
164,0.035792
165,0.0125574
166,0.0155821
167,0.0405778
168,0.0207393
169,0.0280888
170,0.0325457
171,0.0235781
172,0.0206903
173,0.0473581
174,0.0315552
175,0.071114
176,0.0591746
177,0.0189602
178,0.0306675
179,0.0349991
180,0.0254944
181,0.023716
182,0.0320967
183,0.0313341
184,0.023654
185,0.0258366
186,0.0609595
187,0.0468651
188,0.0720403
189,0.0529223
190,0.0394529
191,0.0466734
192,0.0489169
193,0.0217208
194,0.0346899
195,0.0200664
196,0.0425076
197,0.0323706
198,0.0623576
199,0.0459355
200,0.0168105
201,0.0288902
202,0.0259984
203,0.0217664
204,0.0353243
205,0.0731726
206,0.044633
207,0.0339146
208,0.0684113
209,0.0318177
210,0.0356803
211,0.0221153
212,0.0203863
213,0.0134777
214,0.0241395
215,0.0226041
216,0.0301943
217,0.0135519
218,0.0182657
219,-0.00100437
220,0.00949199
221,0.0597904
222,0.0627604
223,0.0332399
224,0.0322356
225,0.0512509
226,0.0526252
227,0.0337065
228,0.0468562
229,0.0288433
230,0.0550554
231,0.0139663
232,0.0346206
233,0.0584708
234,0.0368899
235,0.0223374
236,0.0315706
237,0.0625852
238,0.0301852
239,0.0691395
240,0.0405862
241,0.0451057
242,0.0742623
243,0.0389031
244,0.0461684
245,0.0240748
246,0.020422
247,0.0414769
248,0.0503728
249,0.0420505
250,0.0416648
251,0.0391636
252,0.0424942
253,0.0392353
254,0.0164929
255,0.0273841
256,0.0463542
257,0.0366753
258,0.0237071
259,0.0227153
260,0.0360567
261,0.0215235
262,0.0392477
263,0.0671598
264,0.0302941
265,0.0313214
266,0.0397295
267,0.0222851
268,0.0712515
269,0.0189609
270,0.0319244
271,0.0272382
272,0.0541367
273,0.0666369
274,0.0290876
275,0.0290036
276,0.0135961
277,0.0258529
278,0.0116018
279,0.0336239
280,0.0573459
281,0.0505374
282,0.0110747
283,0.0187229
284,0.0325759
285,0.0112444
286,0.0318438
287,0.066869
288,0.0166415
289,0.0560269
290,0.0179851
291,0.021875
292,0.0322785
293,0.0467154
294,0.0320967
295,0.0539816
296,0.0434328
297,0.0172248
298,0.033848
299,0.0227532
300,0.0318349
301,0.052739
302,0.0500529
303,0.027658
304,0.0285456
305,0.0215934
306,0.0211108
307,0.0454698
308,0.0449304
309,0.0677292
310,0.0668718
311,0.0587003
312,0.0264811
313,0.0522761
314,0.0143825
315,0.0281129
316,0.0411505
317,0.034513
318,0.0307897
319,0.0490075
320,0.0527996
321,0.06113
322,0.0402849
323,0.047441
324,0.0239243
325,0.0469927
326,0.0388564
327,0.0430179
328,0.0169045
329,0.0665762
330,0.0321471
331,0.0525408
332,0.0231752
333,0.0182443
334,0.0291052
335,0.0203488
336,0.0095662
337,0.0216488
338,0.0275253
339,0.0314212
340,0.0481425
341,0.0355789
342,0.046024
343,0.0278874
344,0.0149187
345,0.0277266
346,0.0396462
347,0.0295902
348,0.0164017
349,0.0347266
350,0.0257561
351,0.0475195
352,0.0281489
353,0.0180989
354,0.0593548
355,0.0300579
356,0.0333333
357,0.0243209
358,0.0199129
359,0.0534171
360,0.0300364
361,0.0266763
362,0.0286274
363,0.0201845
364,0.0178833
365,0.0238625
366,0.0413806
367,0.054759
368,0.0421042
369,0.0600286
370,0.0462467
371,0.0714442
372,0.00658963
373,0.0266428
374,0.0394527
375,0.0262918
376,0.0437964
377,0.0279599
378,0.0641917
379,0.0230107
380,0.0344559
381,0.0110962
382,0.0205997
383,0.0324032
384,0.0364477
385,0.0139709
386,0.0194297
387,0.0247154
388,0.0419742
389,0.0621499
390,0.049209
391,0.026063
392,0.0187844
393,0.0333395
394,0.0242967
395,0.065527
396,0.0332214
397,0.0255942
398,0.0466096
399,0.0386136
400,0.0239147
401,0.0475536
402,0.0286323
403,0.0568808
404,0.0385851
405,0.0406863
406,0.0377257
407,0.0307363
408,0.0717318
409,0.0396811
410,0.0275151
411,0.0477525
412,0.0320379
413,0.0267292
414,0.0674127
415,0.0733928
416,0.0521706
417,0.0236273
418,0.0455592
419,0.0621488
420,0.0679519
421,0.029391
422,0.0420405
423,0.0496183
424,0.0421926
425,0.0657862
426,0.0636453
427,0.0406334
428,0.038233
429,0.0749925
430,0.0288697
431,0.0445426
432,0.0640751
433,0.038918
434,0.0794371
435,0.0254346
436,0.085293
437,0.0659817
438,0.0853797
439,0.0535446
440,0.0473089
441,0.035553
442,0.0282113
443,0.0348097
444,0.0312335
445,0.0271185
446,0.0387727
447,0.0559834
448,0.0761613
449,0.0254582
450,0.0525938
451,0.0654883
452,0.0771692
453,0.0263638
454,0.0298852
455,0.0281105
456,0.0219782
457,0.0214724
458,0.0594124
459,0.0520696
460,0.0343026
461,0.0439609
462,0.048646
463,0.0116808
464,0.0481453
465,0.0321035
466,0.0255401
467,0.00758169
468,0.0446767
469,0.0256368
470,0.042419
471,0.0583704
472,0.0475329
473,0.0471829
474,0.0291316
475,0.0118101
476,0.0263272
477,0.0387335
478,0.065088
479,0.0330228
480,0.0561875
481,0.0304913
482,0.0328106
483,0.0328308
484,0.0467228
485,0.0779648
486,0.0305497
487,0.0240912
488,0.0213278
489,0.0535265
490,0.0735359
491,0.0254725
492,0.0546577
493,0.0309827
494,0.0587717
495,0.0314765
496,0.0359633
497,0.0128983
498,0.0389849
499,0.0439348
500,0.026784
501,0.0926714
502,0.0751758
503,0.0488058
504,0.0682278
505,0.0393892
506,0.0688015
507,0.0692887
508,0.0347477
509,0.0692895
510,0.0345751
511,0.067395
512,0.0763527
513,0.0769677
514,0.0595181
515,0.0344063
516,0.0271501
517,0.0247228
518,0.0203121
519,0.0320514
520,0.00743702
521,0.0581531
522,0.0173826
523,0.00388721
524,0.0325992
525,0.0414776
526,0.0496652
527,0.0572994
528,0.0507167
529,0.0354118
530,0.0202533
531,0.047176
532,0.0129836
533,0.0246951
534,0.0134074
535,0.0275679
536,0.0572301
537,0.0300635
538,0.0734898
539,0.0412604
540,0.0447525
541,0.0192154
542,0.059146
543,0.0501311
544,0.086538
545,0.0755325
546,0.0374106
547,0.050951
548,0.0182196
549,0.0577121
550,0.0628646
551,0.042976
552,0.0507654
553,0.0423282
554,0.0526976
555,0.036221
556,0.0579108
557,0.0672838
558,0.058421
559,0.0732791
560,0.0241364
561,0.0588864
562,0.0321611
563,0.0693168
564,0.0403685
565,0.0181193
566,0.0422022
567,0.0495088
568,0.0425107
569,0.0485169
570,0.051263
571,0.0679048
572,0.0266377
573,0.0461177
574,0.0552425
575,0.0104589
576,0.0247599
577,0.0264648
578,0.0615111
579,0.0506935
580,0.0408199
581,0.0384783
582,0.033034
583,0.0167802
584,0.0228432
585,0.0551094
586,0.03192
587,0.019379
588,0.0837346
589,0.0331272
590,0.0281
591,0.029902
592,0.0409761
593,0.0189679
594,0.00856348
595,0.0495846
596,0.054324
597,0.0218246
598,0.0413438
599,0.0724766
600,0.0653239
601,0.0861465
602,0.0828785
603,0.0304669
604,0.0349716
605,0.0728003
606,0.071798
607,0.0418324
608,0.0407336
609,0.0457953
610,0.0132359
611,0.0762704
612,0.0619273
613,0.0443656
614,0.042283
615,0.0169488
616,0.0555999
617,0.0303137
618,0.0768132
619,0.0571858
620,0.0395401
621,0.0708722
622,0.0533339
623,0.067347
624,0.0344216
625,0.0593749
626,0.0196977
627,0.0490467
628,0.0592338
629,0.0681556
630,0.0238435
631,0.0306266
632,0.0266861
633,0.055314
634,0.0569132
635,0.0245204
636,0.027479
637,0.064527
638,0.0495252
639,0.0680415
640,0.0260805
641,0.0523548
642,0.0250515
643,0.0517167
644,0.0437674
645,0.0578259
646,0.0597325
647,0.0270114
648,0.0368928
649,0.0616023
650,0.0609712
651,0.0553452
652,0.0723508
653,0.0434516
654,0.0509396
655,0.0424538
656,0.0376824
657,0.0315221
658,0.0208459
659,0.0571118
660,0.0854016
661,0.0654231
662,0.0349866
663,0.0706005
664,0.0729963
665,0.0597787
666,0.0488489
667,0.0475998
668,0.0336377
669,0.0694819
670,0.0631751
671,0.0316914
672,0.042656
673,0.0637712
674,0.0520905
675,0.0643648
676,0.0707708
677,0.0574043
678,0.0606521
679,0.0336165
680,0.0049337
681,0.0682128
682,0.0480159
683,0.00207507
684,0.0422058
685,0.0544357
686,0.0461143
687,0.0633634
688,0.0407735
689,0.0533431
690,0.0196429
691,0.0261534
692,0.0449157
693,0.0830093
694,0.0790466
695,0.0735927
696,0.0669473
697,0.0447032
698,0.0491707
699,0.0554555
700,0.0621192
701,0.0455228
702,0.0473582
703,0.0424682
704,0.0572264
705,0.0475667
706,0.0789925
707,0.0694628
708,0.0572316
709,0.0441976
710,0.0442755
711,0.0539928
712,0.0206862
713,0.0163142
714,0.069712
715,0.0315299
716,0.0318285
717,0.0338982
718,0.0225771
719,0.0211091
720,0.0536101
721,0.0506958
722,0.0439212
723,0.0441759
724,0.0352341
725,0.0351693
726,0.0635375
727,0.0629687
728,0.0252968
729,0.0587209
730,0.0249081
731,0.0644314
732,0.0549419
733,0.0631132
734,0.0678868
735,0.0669519
736,0.0612816
737,0.0174757
738,0.00821922
739,0.0177214
740,0.0191228
741,0.0410729
742,0.0630914
743,0.0387969
744,0.0695366
745,0.0474081
746,0.0217402
747,0.0103801
748,0.0210673
749,0.0191152
750,0.046505
751,0.0339771
752,0.0505057
753,0.0456109
754,0.0251332
755,0.0551979
756,0.00717064
757,0.0350615
758,0.0370837
759,0.0645499
760,0.0379933
761,0.02312
762,0.0303726
763,0.0251609
764,0.0561065
765,0.0406739
766,0.0258405
767,0.0348122
768,0.0697679
769,0.0483371
770,0.0388976
771,0.0339992
772,0.0655359
773,0.0266555
774,0.0151497
775,0.0368372
776,0.024781
777,0.0448319
778,0.0509895
779,0.0709828
780,0.0748164
781,0.0387823
782,0.0282944
783,0.0171193
784,0.0371077
785,0.0358152
786,0.053996
787,0.0183203
788,0.0484971
789,0.0518268
790,0.0310579
791,0.0534827
792,0.0578458
793,0.0496157
794,0.0271924
795,0.0365762
796,0.0288515
797,0.0697429
798,0.0725389
799,0.0393921
800,0.0258717
801,0.0233991
802,0.0873739
803,0.0707733
804,0.0263308
805,0.0345473
806,0.0257205
807,0.0372224
808,0.0559734
809,0.0375589
810,0.0501415
811,0.0221211
812,0.0443994
813,0.0421772
814,0.0749334
815,0.0420612
816,0.0607477
817,0.0249962
818,0.0169495
819,0.0430617
820,0.0152157
821,0.0704676
822,0.0198348
823,0.0526179
824,0.0686082
825,0.0288385
826,0.0307344
827,0.05844
828,0.0669896
829,0.0569392
830,0.0231308
831,0.0516992
832,0.062198
833,0.0418391
834,0.062776
835,0.0626482
836,0.0636859
837,0.0254846
838,0.0383607
839,0.059558
840,0.0576174
841,0.030198
842,0.0760152
843,0.0271395
844,0.065891
845,0.0836592
846,0.0525985
847,0.0813
848,0.0786413
849,0.0836571
850,0.0661688
851,0.0530514
852,0.0382602
853,0.0233955
854,0.0158158
855,0.0592206
856,0.04573
857,0.0365246
858,0.0376123
859,0.0305114
860,0.0399353
861,0.0394732
862,0.0396928
863,0.0426407
864,0.0351739
865,0.0675279
866,0.0449453
867,0.0681615
868,0.0833771
869,0.0522534
870,0.0363959
871,0.0204612
872,0.0600201
873,0.0207967
874,0.0647757
875,0.0578952
876,0.0312581
877,0.0608689
878,0.06702
879,0.0331305
880,0.0167565
881,0.032272
882,0.0468265
883,0.0752506
884,0.0636823
885,0.059006
886,0.0725147
887,0.0717476
888,0.00932821
889,0.0470613
890,0.050494
891,0.0609861
892,0.0727033
893,0.0870619
894,0.0657296
895,0.0424353
896,0.0421893
897,0.0620701
898,0.0715538
899,0.0185999
900,0.0428846
901,0.0285742
902,0.0181775
903,0.0488075
904,0.0341947
905,0.0664813
906,0.0296825
907,0.0365389
908,0.0270366
909,0.0242527
910,0.0342838
911,0.0241969
912,0.0345579
913,0.0168435
914,0.0820953
915,0.035632
916,0.0540528
917,0.0629044
918,0.0320813
919,0.0436426
920,0.0413406
921,0.0778475
922,0.0321845
923,0.061783
924,0.0773895
925,0.0760839
926,0.0767471
927,0.052681
928,0.0496161
929,0.0410588
930,0.0649115
931,0.0552098
932,0.0596375
933,0.061253
934,0.0396093
935,0.0652156
936,0.0261926
937,0.0268867
938,0.0266806
939,0.0320576
940,0.0155255
941,0.0444497
942,0.0324077
943,0.0324482
944,0.0304803
945,0.0568214
946,0.0391285
947,0.0506404
948,0.0336429
949,0.0638083
950,0.0733324
951,0.0419085
952,0.0632297
953,0.0813146
954,0.0374435
955,0.0197017
956,0.065916
957,0.092629
958,0.0692849
959,0.0367428
960,0.0487926
961,0.0714805
962,0.037177
963,0.0375285
964,0.0595936
965,0.0430388
966,0.0400048
967,0.0249074
968,0.0416033
969,0.0452277
970,0.0697519
971,0.0258701
972,0.0745558
973,0.063488
974,0.0506685
975,0.0289448
976,0.0789939
977,0.0765961
978,0.0620373
979,0.0718505
980,0.0539254
981,0.0452918
982,0.0619916
983,0.063036
984,0.0388757
985,0.0245611
986,0.0294398
987,0.0200369
988,0.0492205
989,0.0646109
990,0.0569436
991,0.0656295
992,0.0309374
993,0.0622697
994,0.0553997
995,0.0472227
996,0.043883
997,0.0232784
998,0.016155
999,0.0290084
1000,0.0318475
1001,0.0564652
1002,0.0338169
1003,0.0237571
1004,0.0179566
1005,0.0205517
1006,0.0438332
1007,0.0474668
1008,0.028452
1009,0.0732574
1010,0.0213162
1011,0.0693313
1012,0.0670259
1013,0.0181677
1014,0.0856247
1015,0.0446246
1016,0.0514385
1017,0.0441735
1018,0.0788333
1019,0.0544775
1020,0.0646046
1021,0.0603138
1022,0.076646
1023,0.0469835
1024,0.0564101
1025,0.0458686
1026,0.052818
1027,0.0506788
1028,0.0287624
1029,0.0485688
1030,0.0338074
1031,0.0546144
1032,0.0501478
1033,0.0608417
1034,0.0756586
1035,0.0671408
1036,0.0764613
1037,0.0367809
1038,0.0763768
1039,0.0138948
1040,0.0368102
1041,0.0628447
1042,0.0760986
1043,0.0522305
1044,0.0285642
1045,0.0575858
1046,0.0674833
1047,0.0576381
1048,0.0364707
1049,0.0342698
1050,0.0564327
1051,0.0528032
1052,0.0452708
1053,0.0649414
1054,0.0603598
1055,0.0655094
1056,0.0540818
1057,0.0523513
1058,0.0705697
1059,0.0692289
1060,0.0334774
1061,0.0581059
1062,0.0624343
1063,0.077016
1064,0.077452
1065,0.0107808
1066,0.0625308
1067,0.0553001
1068,0.0609922
1069,0.0695962
1070,0.0317264
1071,0.0589708
1072,0.0535128
1073,0.0578205
1074,0.0326656
1075,0.0436048
1076,0.0709236
1077,0.0762432
1078,0.0513252
1079,0.0633781
1080,0.0423308
1081,0.00720807
1082,0.0812069
1083,0.0673937
1084,0.0618648
1085,0.0348972
1086,0.0156383
1087,0.0533343
1088,0.0593295
1089,0.0670682
1090,0.0666888
1091,0.013573
1092,0.0341084
1093,0.0528872
1094,0.0401903
1095,0.0269873
1096,0.0270298
1097,0.0677189
1098,0.0326136
1099,0.0591705
1100,0.0657707
1101,0.0618815
1102,0.0419098
1103,0.0256543
1104,0.0236021
1105,0.0656203
1106,0.0752402
1107,0.0942097
1108,0.0914079
1109,0.0510164
1110,0.0668597
1111,0.044713
1112,0.0521131
1113,0.0470755
1114,0.0502736
1115,0.0180157
1116,0.0329512
1117,0.0648146
1118,0.0251525
1119,0.0672487
1120,0.0802846
1121,0.0645427
1122,0.0939004
1123,0.0638346
1124,0.0224709
1125,0.0273704
1126,0.0252913
1127,0.0566604
1128,0.0152985
1129,0.0517868
1130,0.0370277
1131,0.0541632
1132,0.0287331
1133,0.0428819
1134,0.0322807
1135,0.0317808
1136,0.0662032
1137,0.0453703
1138,0.06154
1139,0.0424173
1140,0.0408865
1141,0.0596347
1142,0.0399006
1143,0.0445272
1144,0.0769452
1145,0.0192128
1146,0.0500007
1147,0.0675085
1148,0.0638096
1149,0.022835
1150,0.0149913
1151,0.0229791
1152,0.0442294
1153,0.0277251
1154,0.0522544
1155,0.0737074
1156,0.0191406
1157,0.0153443
1158,0.06752
1159,0.0544558
1160,0.0240089
1161,0.0273619
1162,0.0453121
1163,0.0225516
1164,0.0539786
1165,0.0320082
1166,0.0391473
1167,0.0501844
1168,0.030611
1169,0.0379252
1170,0.0361069
1171,0.0248425
1172,0.0600522
1173,0.0312668
1174,0.0369629
1175,0.0770088
1176,0.0724286
1177,0.0582922
1178,0.0395012
1179,0.0470618
1180,0.0299336
1181,0.079761
1182,0.064149
1183,0.0290099
1184,0.0268084
1185,0.0657924
1186,0.028611
1187,0.0532519
1188,0.0524443
1189,0.0435168
1190,0.028551
1191,0.0296394
1192,0.0495677
1193,0.0655469
1194,0.0251188
1195,0.0656656
1196,0.038508
1197,0.0479134
1198,0.0451232
1199,0.0497896
1200,0.0147612
1201,0.0394166
1202,0.0687624
1203,0.0543393
1204,0.060086
1205,0.0570375
1206,0.0280406
1207,0.0576076
1208,0.0627927
1209,0.0450076
1210,0.0893323
1211,0.0554063
1212,0.0578114
1213,0.0597968
1214,0.0428019
1215,0.0696118
1216,0.0258654
1217,0.0521012
1218,0.0583882
1219,0.054809
1220,0.0403458
1221,0.0593087
1222,0.0199484
1223,0.0423455
1224,0.0301276
1225,0.0684403
1226,0.058319
1227,0.043622
1228,0.0507236
1229,0.0427357
1230,0.0354426
1231,0.0249268
1232,0.0406913
1233,0.0489066
1234,0.0728852
1235,0.0490016
1236,0.0668963
1237,0.0311187
1238,0.0193328
1239,0.040412
1240,0.0427494
1241,0.0841596
1242,0.0400499
1243,0.0200492
1244,0.0351362
1245,0.0486161
1246,0.0454754
1247,0.048678
1248,0.0374569
1249,0.0638467
1250,0.0325497
1251,0.0324508
1252,0.08097
1253,0.0600097
1254,0.0369015
1255,0.0550115
1256,0.0433285
1257,0.035685
1258,0.0646762
1259,0.0449753
1260,0.0794455
1261,0.0794427
1262,0.0643325
1263,0.0592937
1264,0.0222509
1265,0.0412812
1266,0.0431245
1267,0.0399665
1268,0.0561875
1269,0.0587651
1270,0.0267098
1271,0.0409485
1272,0.0592037
1273,0.0443036
1274,0.0320231
1275,0.0180187
1276,0.0296633
1277,0.0244675
1278,0.0218295
1279,0.0581211
1280,0.0540833
1281,0.0571506
1282,0.0239627
1283,0.024103
1284,0.0680339
1285,0.0672273
1286,0.0390449
1287,0.0462155
1288,0.047306
1289,0.0221593
1290,0.0318013
1291,0.0265305
1292,0.0319382
1293,0.0259286
1294,0.0597852
1295,0.0171625
1296,0.0277212
1297,0.0624326
1298,0.019816
1299,0.0734987
1300,0.0520565
1301,0.0496505
1302,0.0242899
1303,0.0481365
1304,0.0448038
1305,0.0713997
1306,0.0776889
1307,0.0446694
1308,0.0740037
1309,0.0736183
1310,0.0801968
1311,0.0708173
1312,0.0324036
1313,0.0572764
1314,0.0152525
1315,0.0111137
1316,0.032587
1317,0.0106178
1318,0.0260988
1319,0.0440039
1320,0.00961002
1321,0.0184688
1322,0.0275674
1323,0.0175729
1324,0.016124
1325,0.00167754
1326,0.0187907
1327,0.0721071
1328,0.0572461
1329,0.089645
1330,0.0770991
1331,0.067388
1332,0.0792849
1333,0.0224642
1334,0.0470134
1335,0.0197311
1336,0.0560624
1337,0.08914
1338,0.0825919
1339,0.0770878
1340,0.0300093
1341,0.042134
1342,0.0697343
1343,0.0681546
1344,0.0425968
1345,0.0708026
1346,0.0735781
1347,0.0665783
1348,0.0640157
1349,0.0597521
1350,0.0229942
1351,0.0618429
1352,0.0459759
1353,0.0329872
1354,0.0226398
1355,0.0285275
1356,0.0347103
1357,0.0363744
1358,0.0684169
1359,0.0341368
1360,0.0613372
1361,0.0341737
1362,0.0824003
1363,0.0912894
1364,0.0819696
1365,0.0700129
1366,0.046942
1367,0.0448541
1368,0.0326215
1369,0.0220286
1370,0.0809862
1371,0.0246432
1372,0.0131033
1373,0.0141652
1374,0.0610579
1375,0.0328981
1376,0.0723003
1377,0.0734279
1378,0.0694568
1379,0.0407825
1380,0.0200256
1381,0.0566612
1382,0.0375557
1383,0.0189947
1384,0.0386013
1385,0.0900172
1386,0.0731929
1387,0.0215828
1388,0.0500864
1389,0.0846953
1390,0.0750865
1391,0.0928285
1392,0.0856195
1393,0.0552574
1394,0.0279639
1395,0.0447024
1396,0.087295
1397,0.0418263
1398,0.0276672
1399,0.0449197
1400,0.0821136
1401,0.0342464
1402,0.032045
1403,0.045693
1404,0.0488266
1405,0.0238133
1406,0.0548893
1407,0.0232777
1408,0.0529346
1409,0.0311768
1410,0.0433743
1411,0.00885931
1412,0.0163114
1413,0.0148076
1414,0.062251
1415,0.0560344
1416,0.0336991
1417,0.0418149
1418,0.0208156
1419,0.0285199
1420,0.0664216
1421,0.0675645
1422,0.0696286
1423,0.0494467
1424,0.0716515
1425,0.0651868
1426,0.021702
1427,0.0782374
1428,0.0606824
1429,0.0337967
1430,0.034374
1431,0.0722437
1432,0.0478101
1433,0.0597466
1434,0.0362262
1435,0.0625127
1436,0.0507595
1437,0.0715979
1438,0.0753965
1439,0.0519726
1440,0.0600219
1441,0.0288883
1442,0.0428941
1443,0.0166856
1444,0.0220843
1445,0.0564013
1446,0.0244308
1447,0.0435799
1448,0.0654557
1449,0.0453721
1450,0.0226675
1451,0.0203387
1452,0.037379
1453,0.0494439
1454,0.0656707
1455,0.0504382
1456,0.0699673
1457,0.0445554
1458,0.045972
1459,0.0356683
1460,0.0748013
1461,0.0280661
1462,0.0626907
1463,0.0437826
1464,0.0458136
1465,0.0319407
1466,0.0392434
1467,0.063848
1468,0.0602135
1469,0.0711407
1470,0.0468606
1471,0.0841642
1472,0.0333939
1473,0.0310359
1474,0.0432641
1475,0.025148
1476,0.0364616
1477,0.0686911
1478,0.0260441
1479,0.0655045
1480,0.0239302
1481,0.0321392
1482,0.0428712
1483,0.0711055
1484,0.0675244
1485,0.0439414
1486,0.0566342
1487,0.0246704
1488,0.0208755
1489,0.0480905
1490,0.0546815
1491,0.0587806
1492,0.0573229
1493,0.0498236
1494,0.035383
1495,0.0776741
1496,0.0763313
1497,0.0407018
1498,0.0428928
1499,0.0183174
1500,0.0450393
1501,0.0565266
1502,0.0553831
1503,0.0933375
1504,0.0326397
1505,0.0317816
1506,0.0420956
1507,0.0706173
1508,0.0279672
1509,0.0473882
1510,0.0392907
1511,0.0758354
1512,0.0873821
1513,0.0699435
1514,0.0316618
1515,0.0146657
1516,0.0458956
1517,0.0273618
1518,0.0446675
1519,0.0337492
1520,0.0770265
1521,0.0544574
1522,0.0273896
1523,0.0525585
1524,0.0540018
1525,0.0439115
1526,0.0223696
1527,0.0184136
1528,0.0470271
1529,0.0282544
1530,0.0602967
1531,0.0522022
1532,0.0620964
1533,0.0439363
1534,0.052416
1535,0.0832108
1536,0.0592215
1537,0.0119687
1538,0.0512486
1539,0.0193871
1540,0.0304961
1541,0.0551533
1542,0.0129357
1543,0.0471073
1544,0.0679654
1545,0.04305
1546,0.0271285
1547,0.0776903
1548,0.0206691
1549,0.0537428
1550,0.0616166
1551,0.0555325
1552,0.0471016
1553,0.0723913
1554,0.0682432
1555,0.0525451
1556,0.0376225
1557,0.067119
1558,0.052107
1559,0.0407409
1560,0.0614472
1561,0.0124916
1562,0.0310596
1563,0.0274397
1564,0.0558165
1565,0.0269544
1566,0.0459207
1567,0.0486321
1568,0.0587103
1569,0.0539929
1570,0.0402411
1571,0.0342633
1572,0.0436951
1573,0.0530088
1574,0.0398681
1575,0.0586786
1576,0.0219296
1577,0.0366981
1578,0.0300513
1579,0.0176271
1580,0.0402547
1581,0.0763895
1582,0.0490039
1583,0.0181486
1584,0.0410273
1585,0.0660039
1586,0.0227104
1587,0.0213418
1588,0.0811237
1589,0.0860928
1590,0.0719006
1591,0.0313507
1592,0.0305195
1593,0.0425891
1594,0.0779002
1595,0.0493482
1596,0.0453909
1597,0.0435677
1598,0.0617432
1599,0.0210399
1600,0.0451622
1601,0.0389342
1602,0.0598901
1603,0.0429419
1604,0.0237569
1605,0.0341996
1606,0.016795
1607,0.0184332
1608,0.0376352
1609,0.0202031
1610,0.0267273
1611,0.0283497
1612,0.0439485
1613,0.0170177
1614,0.0456565
1615,0.068507
1616,0.0748753
1617,0.0466912
1618,0.0407358
1619,0.0452463
1620,0.0443949
1621,0.0712222
1622,0.0766541
1623,0.0691609
1624,0.0513387
1625,0.0630485
1626,0.0531595
1627,0.0281041
1628,0.0167604
1629,0.018315
1630,0.0598406
1631,0.0630089
1632,0.0685121
1633,0.0611507
1634,0.0325727
1635,0.0188857
1636,0.0517002
1637,0.0211794
1638,0.0284089
1639,0.033228
1640,0.0253267
1641,0.0651384
1642,0.0360521
1643,0.0319056
1644,0.0373601
1645,0.0276762
1646,0.0280912
1647,0.0574895
1648,0.0621493
1649,0.0697023
1650,0.0469176
1651,0.0292415
1652,0.0778274
1653,0.0777534
1654,0.0787319
1655,0.0334822
1656,0.0572464
1657,0.0713562
1658,0.0167002
1659,0.0463297
1660,0.0635593
1661,0.0427594
1662,0.0701205
1663,0.0502352
1664,0.0388107
1665,0.0550321
1666,0.0737271
1667,0.038782
1668,0.0668105
1669,0.0628339
1670,0.0196492
1671,0.0631113
1672,0.0637584
1673,0.032868
1674,0.0674278
1675,0.0356755
1676,0.063834
1677,0.0210909
1678,0.0336829
1679,0.0447932
1680,0.0230201
1681,0.0667365
1682,0.033646
1683,0.0271189
1684,0.0199074
1685,0.047159
1686,0.0379535
1687,0.0266891
1688,0.0500104
1689,0.0499464
1690,0.0794297
1691,0.0672052
1692,0.0589188
1693,0.0681222
1694,0.0308235
1695,0.0425742
1696,0.0484308
1697,0.0291416
1698,0.0656231
1699,0.0385382
1700,0.0485094
1701,0.0309405
1702,0.0355177
1703,0.0534137
1704,0.0206698
1705,0.0290425
1706,0.0434141
1707,0.0635502
1708,0.0266849
1709,0.0246643
1710,0.0419112
1711,0.0259269
1712,0.0343891
1713,0.0528644
1714,0.0437491
1715,0.0445872
1716,0.0704728
1717,0.0390137
1718,0.0667117
1719,0.0675037
1720,0.0642077
1721,0.0739585
1722,0.0166893
1723,0.0646876
1724,0.0516298
1725,0.0383899
1726,0.0794424
1727,0.0538662
1728,0.0547829
1729,0.0346584
1730,0.0503416
1731,0.063951
1732,0.0304432
1733,0.015409
1734,0.00931798
1735,0.0531258
1736,0.0566637
1737,0.0722411
1738,0.0355607
1739,0.0368806
1740,0.0438925
1741,0.0118711
1742,0.0544307
1743,0.0522565
1744,0.0768984
1745,0.0624688
1746,0.0328765
1747,0.0690473
1748,0.086456
1749,0.0935395
1750,0.0743201
1751,0.0737829
1752,0.054031
1753,0.04539
1754,0.0512459
1755,0.0568615
1756,0.00877231
1757,0.0213178
1758,0.0187343
1759,0.0315948
1760,0.037638
1761,0.044422
1762,0.0617105
1763,0.0430697
1764,0.0301415
1765,0.0375066
1766,0.0489038
1767,0.0553531
1768,0.0239787
1769,0.0464761
1770,0.0702067
1771,0.0527829
1772,0.0651675
1773,0.035392
1774,0.0392539
1775,0.0221089
1776,0.0692542
1777,0.0899559
1778,0.0928409
1779,0.0622789
1780,0.0507199
1781,0.0205296
1782,0.0352562
1783,0.0726411
1784,0.0283346
1785,0.0307186
1786,0.0273144
1787,0.068046
1788,0.0629569
1789,0.0709762
1790,0.0673306
1791,0.0403538
1792,0.0199115
1793,0.0391753
1794,0.056298
1795,0.0524911
1796,0.0216764
1797,0.0331974
1798,0.0704306
1799,0.0798695
1800,0.0759033
1801,0.0373218
1802,0.0725751
1803,0.0817624
1804,0.0823171
1805,0.0443381
1806,0.0636259
1807,0.061172
1808,0.046547
1809,0.0639045
1810,0.0238009
1811,0.0548879
1812,0.0809942
1813,0.0976026
1814,0.070475
1815,0.0516034
1816,0.0450276
1817,0.0384992
1818,0.0613339
1819,0.0311351
1820,0.0402612
1821,0.0378986
1822,0.0548618
1823,0.0341752
1824,0.0156713
1825,0.0354266
1826,0.0264766
1827,0.0326345
1828,0.0292875
1829,0.024969
1830,0.0399448
1831,0.0284644
1832,0.0288503
1833,0.0455313
1834,0.0371268
1835,0.0657433
1836,0.0561533
1837,0.0684899
1838,0.0625649
1839,0.0338156
1840,0.0719621
1841,0.0289538
1842,0.0644266
1843,0.0456316
1844,0.0699384
1845,0.0613212
1846,0.0748856
1847,0.074174
1848,0.0601378
1849,0.0256784
1850,0.0675324
1851,0.0281811
1852,0.066156
1853,0.0422839
1854,0.0217767
1855,0.0488087
1856,0.0197116
1857,0.0200538
1858,0.057326
1859,0.0456868
1860,0.0750215
1861,0.0661293
1862,0.0434454
1863,0.0664839
1864,0.0582415
1865,0.0692025
1866,0.0853736
1867,0.0861308
1868,0.0638163
1869,0.0599868
1870,0.0700465
1871,0.0496273
1872,0.0588386
1873,0.0711132
1874,0.0471442
1875,0.0822528
1876,0.0633487
1877,0.0389401
1878,0.0480264
1879,0.0253588
1880,0.0501396
1881,0.0647184
1882,0.0626955
1883,0.0741839
1884,0.0542
1885,0.0334375
1886,0.0237504
1887,0.0613114
1888,0.0557375
1889,0.0659275
1890,0.0862801
1891,0.0304153
1892,0.0722302
1893,0.0701913
1894,0.0336779
1895,0.0346966
1896,0.024006
1897,0.0477108
1898,0.0364421
1899,0.0395983
1900,0.0312649
1901,0.0265665
1902,0.018136
1903,0.0376388
1904,0.0372564
1905,0.0682066
1906,0.0351829
1907,0.072162
1908,0.0877884
1909,0.0720274
1910,0.0523227
1911,0.0278064
1912,0.0571997
1913,0.0350996
1914,0.0378131
1915,0.0791578
1916,0.0792598
1917,0.0398817
1918,0.0639089
1919,0.0454428
1920,0.0471917
1921,0.0684739
1922,0.0665847
1923,0.068422
1924,0.0445255
1925,0.0426378
1926,0.0265637
1927,0.0535739
1928,0.0255034
1929,0.0143682
1930,0.0364368
1931,0.0255494
1932,0.0838135
1933,0.0509384
1934,0.0498068
1935,0.0509031
1936,0.0314345
1937,0.0317652
1938,0.077047
1939,0.0301052
1940,0.0488495
1941,0.0409885
1942,0.0139228
1943,0.0316814
1944,0.0290181
1945,0.0432024
1946,0.0256968
1947,0.023491
1948,0.0168991
1949,0.0270628
1950,0.0520081
1951,0.0324792
1952,0.052622
1953,0.0436241
1954,0.0296007
1955,0.0159765
1956,0.0489505
1957,0.0455204
1958,0.0309243
1959,0.0577913
1960,0.0497241
1961,0.0144755
1962,0.0362875
1963,0.0319768
1964,0.0571637
1965,0.0279896
1966,0.063118
1967,0.0808071
1968,0.0257143
1969,0.0506246
1970,0.0267454
1971,0.0521094
1972,0.0419689
1973,0.0769805
1974,0.0386945
1975,0.0532604
1976,0.0175595
1977,0.0489411
1978,0.0246565
1979,0.0415889
1980,0.0488696
1981,0.0119354
1982,0.0499017
1983,0.0532177
1984,0.0452485
1985,0.0279268
1986,0.0182187
1987,0.029831
1988,0.036939
1989,0.0192199
1990,0.0519367
1991,0.0195681
1992,0.0374706
1993,0.0575532
1994,0.0597035
1995,0.0333439
1996,0.0273809
1997,0.0714036
1998,0.0562322
1999,0.0635136
2000,0.0335786
2001,0.0464442
2002,0.069999
2003,0.0408486
2004,0.0259531
2005,0.0137515
2006,0.0520058
2007,0.0691534
2008,0.0249993
2009,0.0537232
2010,0.0577961
2011,0.0329059
2012,0.0292139
2013,0.0483585
2014,0.0258077
2015,0.0329526
2016,0.0607113
2017,0.0419134
2018,0.0694241
2019,0.0451941
2020,0.0249205
2021,0.0627684
2022,0.013229
2023,0.0181768
2024,0.0450575
2025,0.066088
2026,0.0354755
2027,0.03312
2028,0.0761855
2029,0.0797432
2030,0.0485803
2031,0.0504332
2032,0.0711105
2033,0.0535682
2034,0.0913417
2035,0.0604612
2036,0.072567
2037,0.0535968
2038,0.0239823
2039,0.0482023
2040,0.06816
2041,0.0400236
2042,0.0244905
2043,0.0320696
2044,0.0454174
2045,0.0423184
2046,0.0461542
2047,0.075616
2048,0.0408642
2049,0.0579361
2050,0.0286298
2051,0.0537162
2052,0.0675608
2053,0.0750342
2054,0.0598389
2055,0.0309837
2056,0.0676332
2057,0.0466143
2058,0.0258403
2059,0.0550789
2060,0.0461791
2061,0.0809356
2062,0.0792987
2063,0.062771
2064,0.0618334
2065,0.0741098
2066,0.07599
2067,0.0795293
2068,0.0661533
2069,0.0388444
2070,0.0644365
2071,0.0285981
2072,0.0687598
2073,0.0820083
2074,0.0680948
2075,0.0539769
2076,0.0646068
2077,0.0412705
2078,0.0284827
2079,0.0689787
2080,0.051613
2081,0.040126
2082,0.0276861
2083,0.0409643
2084,0.035012
2085,0.0462186
2086,0.0639679
2087,0.0441126
2088,0.0365984
2089,0.0533372
2090,0.0348496
2091,0.0586616
2092,0.0357653
2093,0.0229581
2094,0.0130394
2095,0.0153286
2096,0.0525302
2097,0.0159047
2098,-0.00343492
2099,0.023735
2100,0.0501674
2101,0.0392489
2102,0.0554166
2103,0.0473935
2104,0.0443803
2105,0.0236962
2106,0.0466512
2107,0.0237772
2108,0.0476193
2109,0.0359416
2110,0.0613398
2111,0.0605329
2112,0.0615623
2113,0.0423065
2114,0.0516097
2115,0.0320086
2116,0.058892
2117,0.0309708
2118,0.0301153
2119,0.0218499
2120,0.0478217
2121,0.0532887
2122,0.0327006
2123,0.0292992
2124,0.0345577
2125,0.0230167
2126,0.0221492
2127,0.0214704
2128,0.065158
2129,0.0799648
2130,0.0682789
2131,0.0576705
2132,0.0858476
2133,0.0690239
2134,0.0493439
2135,0.0371922
2136,0.0298389
2137,0.0443179
2138,0.0219983
2139,0.0666947
2140,0.0446557
2141,0.0372269
2142,0.0688902
2143,0.0291845
2144,0.0416958
2145,0.0212971
2146,0.0176709
2147,0.0541191
2148,0.0591488
2149,0.047443
2150,0.0972347
2151,0.0634815
2152,0.0277093
2153,0.039825
2154,0.0508007
2155,0.0531264
2156,0.0503208
2157,0.0555637
2158,0.0685711
2159,0.0186208
2160,0.0229171
2161,0.0645572
2162,0.0810182
2163,0.0465967
2164,0.0759616
2165,0.0515543
2166,0.0476903
2167,0.0370221
2168,0.0658697
2169,0.0494677
2170,0.0363022
2171,0.0180997
2172,0.0312322
2173,0.027614
2174,0.065091
2175,0.0815846
2176,0.0411916
2177,0.0830561
2178,0.0254754
2179,0.058643
2180,0.0749274
2181,0.0644635
2182,0.0587576
2183,0.0535135
2184,0.0715459
2185,0.0652923
2186,0.0386235
2187,0.00684979
2188,0.0435716
2189,0.0512983
2190,0.0681462
2191,0.0994062
2192,0.0744853
2193,0.0224994
2194,0.0523761
2195,0.0728925
2196,0.0435512
2197,0.0173435
2198,0.0289871
2199,0.0281406
2200,0.0730342
2201,0.0610307
2202,0.0364675
2203,0.0662733
2204,0.0138757
2205,0.0333389
2206,0.0425
2207,0.0690149
2208,0.0264112
2209,0.0399967
2210,0.0265717
2211,0.026415
2212,0.0205053
2213,0.0638515
2214,0.0282865
2215,0.0513175
2216,0.0412551
2217,0.0811812
2218,0.0219785
2219,0.0498836
2220,0.0542737
2221,0.0383465
2222,0.0700456
2223,0.0234295
2224,0.0622309
2225,0.0649716
2226,0.0749466
2227,0.0318949
2228,0.0294485
2229,0.0570515
2230,0.0394451
2231,0.0392801
2232,0.0672506
2233,0.0217264
2234,0.0376682
2235,0.0416689
2236,0.0292864
2237,0.0122871
2238,0.060826
2239,0.0572754
2240,0.0530393
2241,0.0303389
2242,0.0535279
2243,0.0296626
2244,0.0374266
2245,0.0493042
2246,0.0611127
2247,0.0680238
2248,0.0735652
2249,0.0681137
2250,0.0354368
2251,0.0574991
2252,0.0186609
2253,0.0753033
2254,0.0605453
2255,0.0470503
2256,0.0581576
2257,0.0375404
2258,0.0337204
2259,0.0621108
2260,0.0473745
2261,0.0695784
2262,0.0439368
2263,0.068695
2264,0.0361642
2265,0.0646938
2266,0.0311947
2267,0.0347566
2268,0.0599745
2269,0.0188954
2270,0.0422586
2271,0.038125
2272,0.0429119
2273,0.0676318
2274,0.0707338
2275,0.0251802
2276,0.0254358
2277,0.014665
2278,0.0717376
2279,0.0693594
2280,0.0575033
2281,0.0419967
2282,0.0333225
2283,0.0728107
2284,0.037248
2285,0.0537258
2286,0.036092
2287,0.0227163
2288,0.0679687
2289,0.0413205
2290,0.0408271
2291,0.082369
2292,0.0602092
2293,0.0215175
2294,0.0295613
2295,0.0752163
2296,0.0447457
2297,0.0315292
2298,0.0286072
2299,0.0207868
2300,0.0638593
2301,0.0383842
2302,0.0245804
2303,0.0497626
2304,0.0227549
2305,0.0756711
2306,0.0965483
2307,0.0622614
2308,0.0630591
2309,0.0520368
2310,0.04606
2311,0.045532
2312,0.0307643
2313,0.0280333
2314,0.0167336
2315,0.0511737
2316,0.0619309
2317,0.0213515
2318,0.0574002
2319,0.0322887
2320,0.0695967
2321,0.064917
2322,0.0506013
2323,0.0307276
2324,0.0164543
2325,0.0629051
2326,0.0568284
2327,0.0461327
2328,0.0734564
2329,0.0343966
2330,0.0153231
2331,0.0660215
2332,0.0684984
2333,0.0489731
2334,0.0764755
2335,0.0860663
2336,0.072463
2337,0.069275
2338,0.0465256
2339,0.0161794
2340,0.0616892
2341,0.0336655
2342,0.0195613
2343,0.0243076
2344,0.0797451
2345,0.0766698
2346,0.0746752
2347,0.0506917
2348,0.0638129
2349,0.0476305
2350,0.0346603
2351,0.0636188
2352,0.0190583
2353,0.0285257
2354,0.0276256
2355,0.0434397
2356,0.042019
2357,0.019032
2358,0.0505835
2359,0.0161492
2360,0.0194399
2361,0.0625508
2362,0.0578733
2363,0.0489716
2364,0.0374551
2365,0.0370081
2366,0.0642226
2367,0.0316002
2368,0.0309143
2369,0.0133757
2370,0.0472917
2371,0.00742738
2372,0.0511216
2373,0.0394933
2374,0.0227334
2375,0.0375445
2376,0.00965383
2377,0.0220668
2378,0.0200215
2379,0.0147427
2380,0.0737091
2381,0.0361697
2382,0.0416895
2383,0.0175566
2384,0.0540738
2385,0.057508
2386,0.0814382
2387,0.0617154
2388,0.0280749
2389,0.0433695
2390,0.0392014
2391,0.0255661
2392,0.0366888
2393,0.0443087
2394,0.0351792
2395,0.0667317
2396,0.0177562
2397,0.069414
2398,0.0238039
2399,0.0113385
2400,0.0270624
2401,0.0606129
2402,0.0219674
2403,0.0343265
2404,0.029472
2405,0.0214983
2406,0.0481865
2407,0.0184289
2408,0.0329356
2409,0.0175434
2410,0.0683965
2411,0.0551731
2412,0.0391747
2413,0.0228671
2414,0.0716733
2415,0.0654588
2416,0.0498647
2417,0.0246619
2418,0.0231148
2419,0.0331489
2420,0.0496551
2421,0.0205506
2422,0.0359252
2423,0.0411407
2424,0.0356365
2425,0.0318932
2426,0.0411655
2427,0.0499468
2428,0.0318173
2429,0.0632633
2430,0.0570422
2431,0.0640551
2432,0.00686512
2433,0.0707298
2434,0.0682499
2435,0.0419701
2436,0.0502187
2437,0.055535
2438,0.0507164
2439,0.0517599
2440,0.0552653
2441,0.060438
2442,0.049503
2443,0.0323568
2444,0.0623134
2445,0.0935223
2446,0.0830839
2447,0.0999629
2448,0.0544958
2449,0.0666806
2450,0.0815065
2451,0.0349448
2452,0.0350667
2453,0.0771983
2454,0.0747457
2455,0.0504424
2456,0.0228126
2457,0.0164663
2458,0.0136793
2459,0.0405216
2460,0.0437108
2461,0.0426478
2462,0.0742107
2463,0.0474993
2464,0.0704874
2465,0.0774127
2466,0.0565398
2467,0.0688122
2468,0.0565241
2469,0.0683413
2470,0.0597996
2471,0.0319812
2472,0.057787
2473,0.0323445
2474,0.0822775
2475,0.0829613
2476,0.0227423
2477,0.0112362
2478,0.0550037
2479,0.0491885
2480,0.0776712
2481,0.0940348
2482,0.0405507
2483,0.024748
2484,0.053695
2485,0.0678635
2486,0.081247
2487,0.0426634
2488,0.0392286
2489,0.0326966
2490,0.0471505
2491,0.067719
2492,0.0360436
2493,0.0256894
2494,0.0431018
2495,0.0294927
2496,0.0396444
2497,0.0193397
2498,0.0544051
2499,0.0535066
2500,0.0501209
2501,0.0644788
2502,0.0408248
2503,0.0309818
2504,0.0455924
2505,0.0413325
2506,0.0431641
2507,0.0492451
2508,0.0634472
2509,0.0467473
2510,0.0307666
2511,0.0424299
2512,0.00954632
2513,0.0402441
2514,0.0685767
2515,0.0606023
2516,0.0619668
2517,0.0325573
2518,0.0368182
2519,0.0475841
2520,0.0430769
2521,0.0398788
2522,0.0596478
2523,0.0522732
2524,0.0330534
2525,0.0604537
2526,0.0437787
2527,0.0709271
2528,0.0572472
2529,0.0502188
2530,0.040988
2531,0.0393373
2532,0.0498751
2533,0.072005
2534,0.0389882
2535,0.0257072
2536,0.0664429
2537,0.0446668
2538,0.01553
2539,0.0277534
2540,0.0323287
2541,0.0783447
2542,0.0488943
2543,0.0185377
2544,0.0251654
2545,0.0712049
2546,0.0393499
2547,0.0283874
2548,0.0367382
2549,0.0607142
2550,0.0588594
2551,0.0740521
2552,0.057672
2553,0.0787074
2554,0.0732519
2555,0.0550236
2556,0.0325686
2557,0.0349871
2558,0.0406656
2559,0.0391525
2560,0.019398
2561,0.0485131
2562,0.0389593
2563,0.0523212
2564,0.0285861
2565,0.0413761
2566,0.0285241
2567,0.0439653
2568,0.0348499
2569,0.0373248
2570,0.0664555
2571,0.0785694
2572,0.0401785
2573,0.0442223
2574,0.0419308
2575,0.0619518
2576,0.0307346
2577,0.0597891
2578,0.0220635
2579,0.0230001
2580,0.0256078
2581,0.0649648
2582,0.0330344
2583,-0.000875882
2584,0.0212917
2585,0.0273622
2586,0.0705221
2587,0.0726976
2588,0.0575024
2589,0.0518342
2590,0.0686444
2591,0.0506761
2592,0.0707798
2593,0.0663173
2594,0.0443077
2595,-0.00283015
2596,0.0212068
2597,0.0211558
2598,0.0484645
2599,0.0188103
2600,0.0575363
2601,0.019443
2602,0.0202078
2603,0.0538879
2604,0.057005
2605,0.0792421
2606,0.0691537
2607,0.0700714
2608,0.0677857
2609,0.0550646
2610,0.0151828
2611,0.0523391
2612,0.0552176
2613,0.0483224
2614,0.0528647
2615,0.0333105
2616,0.0427903
2617,0.0573077
2618,0.0392559
2619,0.056073
2620,0.0254166
2621,0.0330126
2622,0.0573103
2623,0.0213801
2624,0.0203546
2625,0.0321659
2626,0.0469837
2627,0.039733
2628,0.0624592
2629,0.0287477
2630,0.074364
2631,0.0650052
2632,0.0661969
2633,0.0418327
2634,0.0303056
2635,0.0469318
2636,0.0509812
2637,0.0544949
2638,0.0281657
2639,0.0227852
2640,0.0411795
2641,0.0290567
2642,0.0604299
2643,0.0580552
2644,0.0276466
2645,0.0665224
2646,0.0377131
2647,0.0153115
2648,0.0193122
2649,0.0657822
2650,0.0473587
2651,0.0483731
2652,0.0493244
2653,0.0669401
2654,0.0485895
2655,0.0209936
2656,0.0622335
2657,0.0241863
2658,0.0637486
2659,0.0782954
2660,0.0586805
2661,0.039658
2662,0.0203875
2663,0.013049
2664,0.0564501
2665,0.025575
2666,0.0515274
2667,0.0232255
2668,0.0318161
2669,0.0605458
2670,0.0417235
2671,0.0516861
2672,0.0642612
2673,0.0265883
2674,0.0267182
2675,0.0754758
2676,0.0707523
2677,0.0354849
2678,0.0502022
2679,0.0322739
2680,0.0367278
2681,0.0440709
2682,0.0486104
2683,0.0695694
2684,0.0440208
2685,0.0386549
2686,0.0319104
2687,0.0844491
2688,0.0625772
2689,0.0372411
2690,0.0334813
2691,0.0466877
2692,0.0234949
2693,0.042677
2694,0.0417773
2695,0.0190006
2696,0.0173873
2697,0.0205386
2698,0.0322761
2699,0.0546101
2700,0.0233608
2701,0.0386098
2702,0.0299873
2703,0.0345569
2704,0.0833397
2705,0.0926689
2706,0.0782218
2707,0.0672676
2708,0.0968893
2709,0.0185061
2710,0.0484381
2711,0.0540569
2712,0.0398406
2713,0.0647136
2714,0.0230123
2715,0.0478588
2716,0.0458043
2717,0.0285834
2718,0.0364058
2719,0.0685822
2720,0.0592402
2721,0.0458413
2722,0.0653322
2723,0.0717317
2724,0.058829
2725,0.0320821
2726,0.0647764
2727,0.0280104
2728,0.0348593
2729,0.0693804
2730,0.0219815
2731,0.0383945
2732,0.0226857
2733,0.0708331
2734,0.0516599
2735,0.0470697
2736,0.0445598
2737,0.0475206
2738,0.040666
2739,0.0635089
2740,0.0653534
2741,0.0448709
2742,0.0629638
2743,0.0166994
2744,0.060088
2745,0.0399747
2746,0.0409091
2747,0.020612
2748,0.0796882
2749,0.0847897
2750,0.0749892
2751,0.0682923
2752,0.0574216
2753,0.0790987
2754,0.0346285
2755,0.0252897
2756,0.0223061
2757,0.0798104
2758,0.0559675
2759,0.0477431
2760,0.0769537
2761,0.0840803
2762,0.0739582
2763,0.0669998
2764,0.0319312
2765,0.00959199
2766,0.0331902
2767,0.0431239
2768,0.0500266
2769,0.0587265
2770,0.0452057
2771,0.0175666
2772,0.0226809
2773,0.0248638
2774,0.0405573
2775,0.0730257
2776,0.0360669
2777,0.037466
2778,0.0301628
2779,0.0269274
2780,0.0240724
2781,0.0434717
2782,0.0592597
2783,0.0441138
2784,0.0254035
2785,0.0193205
2786,0.0365839
2787,0.0685937
2788,0.0829076
2789,0.0146069
2790,0.0290027
2791,0.0308091
2792,0.0177567
2793,0.0691416
2794,0.0711584
2795,0.0651361
2796,0.0570866
2797,0.0468868
2798,0.029205
2799,0.0614453
2800,0.0387575
2801,0.027966
2802,0.0655741
2803,0.0191981
2804,0.012368
2805,0.0156723
2806,0.0421626
2807,0.0564241
2808,0.0608565
2809,0.0552134
2810,0.0680429
2811,0.0218442
2812,0.0238173
2813,0.0313835
2814,0.0589983
2815,0.0377807
2816,0.0142419
2817,0.0420717
2818,0.0521667
2819,0.0223878
2820,0.027103
2821,0.0463316
2822,0.0398412
2823,0.0267102
2824,0.030538
2825,0.0519621
2826,0.0213879
2827,0.0419473
2828,0.0907507
2829,0.03871
2830,0.012957
2831,0.0285103
2832,0.0351042
2833,0.0194173
2834,0.014895
2835,0.0195682
2836,0.0420907
2837,0.0366905
2838,0.0259539
2839,0.0733632
2840,0.0734629
2841,0.0503588
2842,0.0277921
2843,0.0455898
2844,0.0758226
2845,0.046968
2846,0.084736
2847,0.058411
2848,0.0450206
2849,0.0500652
2850,0.0348917
2851,0.0551829
2852,0.0684003
2853,0.0634388
2854,0.0675788
2855,0.0236552
2856,0.0394832
2857,0.0561816
2858,0.0767894
2859,0.0583236
2860,0.0832948
2861,0.0440864
2862,0.0747138
2863,0.0837392
2864,0.0225493
2865,0.0190813
2866,0.073305
2867,0.073592
2868,0.031661
2869,0.0231814
2870,0.0190968
2871,0.0561143
2872,0.0336831
2873,0.0392495
2874,0.0362095
2875,0.0753152
2876,0.0385195
2877,0.0675261
2878,0.088535
2879,0.0547306
2880,0.0645182
2881,0.0638113
2882,0.0456835
2883,0.0491048
2884,0.0398738
2885,0.057334
2886,0.027575
2887,0.0811941
2888,0.0783008
2889,0.0617377
2890,0.0668848
2891,0.0269028
2892,0.0554836
2893,0.0824158
2894,0.0959875
2895,0.0638995
2896,0.0690812
2897,0.0817335
2898,0.0794516
2899,0.0752188
2900,0.028237
2901,0.0434792
2902,0.036286
2903,0.0796091
2904,0.0745728
2905,0.0784344
2906,0.0488903
2907,0.0259341
2908,0.0199468
2909,0.025145
2910,0.0515552
2911,0.0152729
2912,0.0243581
2913,0.056525
2914,0.0299531
2915,0.0183379
2916,0.0273304
2917,0.0456795
2918,0.0412115
2919,0.0641924
2920,0.0548462
2921,0.0411844
2922,0.0406922
2923,0.0178041
2924,0.0194908
2925,0.0138787
2926,0.0673145
2927,0.0699325
2928,0.0835569
2929,0.0783058
2930,0.0558661
2931,0.0561296
2932,0.0438784
2933,0.041225
2934,0.0247128
2935,0.0289338
2936,0.0430878
2937,0.0613727
2938,0.0252106
2939,0.0226307
2940,0.0393686
2941,0.0258611
2942,0.0381934
2943,0.0572012
2944,0.0397041
2945,0.0600947
2946,0.0643914
2947,0.0421173
2948,0.0148111
2949,0.0582067
2950,0.0586123
2951,0.0681407
2952,0.0240293
2953,0.0638843
2954,0.0810013
2955,0.0376925
2956,0.0329498
2957,0.0539699
2958,0.069027
2959,0.0352225
2960,0.0147922
2961,0.051909
2962,0.0445759
2963,0.0358
2964,0.0453887
2965,0.0284101
2966,0.0843483
2967,0.0599316
2968,0.06851
2969,0.0519785
2970,0.0703249
2971,0.0600795
2972,0.0339356
2973,0.0546406
2974,0.0513288
2975,0.0568051
2976,0.0497478
2977,0.0556777
2978,0.0612789
2979,0.0339914
2980,0.0591925
2981,0.0230064
2982,0.0236747
2983,0.0685276
2984,0.0771658
2985,0.0667509
2986,0.0384322
2987,0.0587122
2988,0.0247466
2989,0.062711
2990,0.0455909
2991,0.0214351
2992,0.0491995
2993,0.0301732
2994,0.0530565
2995,0.0252369
2996,0.0241036
2997,0.0168384
2998,0.0326706
2999,0.0934816
3000,0.0889853
3001,0.0313344
3002,0.0316567
3003,0.0295214
3004,0.0253209
3005,0.0330278
3006,0.0236389
3007,0.0221971
3008,0.0287005
3009,0.0410979
3010,0.0626498
3011,0.0620976
3012,0.0260948
3013,0.0260025
3014,0.0454471
3015,0.0194475
3016,0.0271871
3017,0.0392043
3018,0.0651558
3019,0.0652447
3020,0.0326849
3021,0.0317906
3022,0.039784
3023,0.0220625
3024,0.0583156
3025,0.0576495
3026,0.022514
3027,0.023373
3028,0.0334132
3029,0.0273358
3030,0.0639344
3031,0.0777397
3032,0.0567732
3033,0.0463461
3034,0.0405694
3035,0.048727
3036,0.00477367
3037,0.0492314
3038,0.0517387
3039,0.0286979
3040,0.0486125
3041,0.052294
3042,0.0731918
3043,0.0622515
3044,0.0344306
3045,0.0334521
3046,0.00815186
3047,0.0704671
3048,0.0373122
3049,0.0690675
3050,0.0504534
3051,0.0494012
3052,0.0312796
3053,0.0474235
3054,0.0669788
3055,0.0389695
3056,0.0402091
3057,0.0481674
3058,0.0404145
3059,0.0631874
3060,0.0104789
3061,0.0378192
3062,0.0745554
3063,0.0526587
3064,0.0716709
3065,0.0318918
3066,0.0672421
3067,0.0598663
3068,0.0639721
3069,0.0759806
3070,0.055928
3071,0.0579227
3072,0.0506375
3073,0.0322863
3074,0.0207893
3075,0.045888
3076,0.0276282
3077,0.0553631
3078,0.0292619
3079,0.0265373
3080,0.0540927
3081,0.0293861
3082,0.0485525
3083,0.0583185
3084,0.0359383
3085,0.0267095
3086,0.0259902
3087,0.0403952
3088,0.0332909
3089,0.0486371
3090,0.0487165
3091,0.0378306
3092,0.0443973
3093,0.0415512
3094,0.0573887
3095,0.0504228
3096,0.074748
3097,0.0688901
3098,0.0334816
3099,0.0528592
3100,0.0448617
3101,0.0223405
3102,0.0610302
3103,0.0184045
3104,0.0717234
3105,0.0565519
3106,0.0276763
3107,0.0707173
3108,0.00731631
3109,0.0192327
3110,0.0515602
3111,0.0493793
3112,0.0370696
3113,0.0425001
3114,0.0389557
3115,0.0710107
3116,0.0729487
3117,0.0852057
3118,0.0844533
3119,0.055364
3120,0.056736
3121,0.0911283
3122,0.0603388
3123,0.0656512
3124,0.0611897
3125,0.0428297
3126,0.0489218
3127,0.0338865
3128,0.0356671
3129,0.0596942
3130,0.0267846
3131,0.00243847
3132,0.0131818
3133,0.0220463
3134,0.0377702
3135,0.0792606
3136,0.0644109
3137,0.0721443
3138,0.0479952
3139,0.0725344
3140,0.0493627
3141,0.0276987
3142,0.0570331
3143,0.0657806
3144,0.0367896
3145,0.0697195
3146,0.0813587
3147,0.0452005
3148,0.0676925
3149,0.0785659
3150,0.03891
3151,0.0651622
3152,0.0346894
3153,0.085497
3154,0.0488397
3155,0.0377411
3156,0.0490334
3157,0.0859594
3158,0.0754717
3159,0.0626441
3160,0.0528619
3161,0.0367365
3162,0.0749144
3163,0.0522128
3164,0.0260583
3165,0.0239445
3166,0.045169
3167,0.0449104
3168,0.0567343
3169,0.0313259
3170,0.0599621
3171,0.0435581
3172,0.0414433
3173,0.078811
3174,0.0796719
3175,0.0534622
3176,0.0695794
3177,0.0535368
3178,0.0376683
3179,0.023742
3180,0.0628867
3181,0.0411999
3182,0.028963
3183,0.0562753
3184,0.0610567
3185,0.0619626
3186,0.0501347
3187,0.051352
3188,0.044473
3189,0.0495311
3190,0.0417596
3191,0.0684845
3192,0.055631
3193,0.0391093
3194,0.028562
3195,0.0542497
3196,0.0559367
3197,0.0526098
3198,0.0399974
3199,0.02575
3200,0.0664027
3201,0.0769464
3202,0.0713131
3203,0.0656485
3204,0.0296983
3205,0.0441828
3206,0.076888
3207,0.0473289
3208,0.0412818
3209,0.0663564
3210,0.0340811
3211,0.0362161
3212,0.0502001
3213,0.0566986
3214,0.0622782
3215,0.082167
3216,0.0591522
3217,0.0492079
3218,0.0218461
3219,0.0700477
3220,0.0268601
3221,0.0392387
3222,0.0312347
3223,0.0348831
3224,0.038559
3225,0.0541943
3226,0.0649018
3227,0.0447573
3228,0.0233851
3229,0.0591949
3230,0.06542
3231,0.0347307
3232,0.0711976
3233,0.0336113
3234,0.0350008
3235,0.0611479
3236,0.036396
3237,0.0348509
3238,0.0417597
3239,0.0222901
3240,0.0581059
3241,0.0881469
3242,0.0381419
3243,0.0615621
3244,0.066528
3245,0.0518559
3246,0.0475789
3247,0.0292314
3248,0.0197531
3249,0.020637
3250,0.0222097
3251,0.0507595
3252,0.0761816
3253,0.080522
3254,0.068823
3255,0.0505812
3256,0.0375277
3257,0.0281835
3258,0.0618595
3259,0.0469173
3260,0.0267071
3261,0.0256654
3262,0.0151024
3263,0.026111
3264,0.0387681
3265,0.0529157
3266,0.0571617
3267,0.0709935
3268,0.0651171
3269,0.0572498
3270,0.0280768
3271,0.0501617
3272,0.0513652
3273,0.0876188
3274,0.0489666
3275,0.0662002
3276,0.0445288
3277,0.030586
3278,0.0384645
3279,0.0440068
3280,0.0438986
3281,0.0514939
3282,0.0343959
3283,0.0244576
3284,0.0600511
3285,0.0491538
3286,0.0301197
3287,0.0602625
3288,0.068626
3289,0.0528253
3290,0.0565583
3291,0.0740827
3292,0.0202882
3293,0.0276496
3294,0.0350928
3295,0.0557673
3296,0.0456083
3297,0.0707512
3298,0.0330717
3299,0.0501501
3300,0.04721
3301,0.0492875
3302,0.0609306
3303,0.0552877
3304,0.0703426
3305,0.0592668
3306,0.0389307
3307,0.0785844
3308,0.0836713
3309,0.056605
3310,0.0599254
3311,0.042275
3312,0.0767857
3313,0.0320965
3314,0.0668863
3315,0.0573157
3316,0.0620497
3317,0.0282709
3318,0.0665958
3319,0.0384936
3320,0.0393765
3321,0.0363982
3322,0.0431922
3323,0.0576518
3324,0.0387123
3325,0.0475425
3326,0.0367853
3327,0.0358384
3328,0.0282008
3329,0.0299115
3330,0.0343473
3331,0.0579079
3332,0.0655674
3333,0.0209985
3334,0.0207348
3335,0.0408298
3336,0.0530158
3337,0.0541024
3338,0.034015
3339,0.0747499
3340,0.0546485
3341,0.0696523
3342,0.0664575
3343,0.0539427
3344,0.0291916
3345,0.0709416
3346,0.0485011
3347,0.0432191
3348,0.0428644
3349,0.0231795
3350,0.0748656
3351,0.0356781
3352,0.0297206
3353,0.0594265
3354,0.0459564
3355,0.0249048
3356,0.05758
3357,0.0535583
3358,0.050876
3359,0.0290452
3360,0.0279704
3361,0.0106203
3362,0.0277713
3363,0.0621026
3364,0.0605834
3365,0.0445969
3366,0.0696851
3367,0.0696229
3368,0.0495575
3369,0.0663313
3370,0.0464652
3371,0.0526795
3372,0.0342671
3373,0.0342049
3374,0.0850728
3375,0.0727097
3376,0.0408326
3377,0.0511657
3378,0.048123
3379,0.0514258
3380,0.0642108
3381,0.0592924
3382,0.0494668
3383,0.0553853
3384,0.0660296
3385,0.0593109
3386,0.0326062
3387,0.0537079
3388,0.0128178
3389,0.0471267
3390,0.0259867
3391,0.0349926
3392,0.0377534
3393,0.0641874
3394,0.0730967
3395,0.0430659
3396,0.049669
3397,0.0328087
3398,0.0365871
3399,0.0376868
3400,0.0431766
3401,0.0328723
3402,0.0708299
3403,0.027435
3404,0.0420005
3405,0.0500923
3406,0.0533698
3407,0.0214261
3408,0.0557155
3409,0.0268204
3410,0.013244
3411,0.0303563
3412,0.073535
3413,0.0601221
3414,0.0683264
3415,0.0329537
3416,0.0431287
3417,0.0423716
3418,0.0202045
3419,0.0428506
3420,0.0261386
3421,0.0441277
3422,0.0708825
3423,0.0423066
3424,0.0332015
3425,0.030491
3426,0.066222
3427,0.01574
3428,0.0374249
3429,0.0145411
3430,0.0299032
3431,0.072867
3432,0.0269485
3433,0.0589276
3434,0.0606991
3435,0.0398222
3436,0.0367936
3437,0.0460947
3438,0.0463872
3439,0.0332108
3440,0.0394635
3441,0.0222961
3442,0.0443765
3443,0.0826463
3444,0.0772529
3445,0.0650274
3446,0.0664702
3447,0.0598831
3448,0.0595196
3449,0.0608399
3450,0.0682666
3451,0.0476322
3452,0.0293175
3453,0.0531163
3454,0.0475164
3455,0.076893
3456,0.0391931
3457,0.0153591
3458,0.0687237
3459,0.0544043
3460,0.0762525
3461,0.0557389
3462,0.0778206
3463,0.0393002
3464,0.0481019
3465,0.0618172
3466,0.0197398
3467,0.0449475
3468,0.0308955
3469,0.00915132
3470,0.0171988
3471,0.00864065
3472,0.0503042
3473,0.0255223
3474,0.0548945
3475,0.0293945
3476,0.0486817
3477,0.0661923
3478,0.0372289
3479,0.0479482
3480,0.0351232
3481,0.0413443
3482,0.0646959
3483,0.0639804
3484,0.0412795
3485,0.0584639
3486,0.0280935
3487,0.0262027
3488,0.0363039
3489,0.059906
3490,0.0650601
3491,0.0435103
3492,0.0739804
3493,0.0701441
3494,0.0160404
3495,0.0531285
3496,0.0227897
3497,0.020417
3498,0.0236943
3499,0.0481783
3500,0.0271344
3501,0.0384615
3502,0.0420294
3503,0.0716889
3504,0.0790013
3505,0.0439352
3506,0.0447915
3507,0.0712624
3508,0.0598766
3509,0.0786752
3510,0.0742627
3511,0.0385837
3512,0.0621639
3513,0.0343566
3514,0.046273
3515,0.062916
3516,0.0327461
3517,0.0826462
3518,0.0340855
3519,0.0109812
3520,0.0815878
3521,0.0494547
3522,0.0182324
3523,0.0212849
3524,0.0766961
3525,0.042365
3526,0.0524195
3527,0.0417849
3528,0.0646278
3529,0.0636749
3530,0.0384326
3531,0.0484619
3532,0.0592096
3533,0.0344828
3534,0.0373983
3535,0.0203083
3536,0.0816521
3537,0.0785131
3538,0.0794056
3539,0.029034
3540,0.0183587
3541,0.0235064
3542,0.017015
3543,0.0367124
3544,0.0295536
3545,0.0255798
3546,0.0347048
3547,0.0602594
3548,0.0699602
3549,0.0369399
3550,0.026957
3551,0.0297339
3552,0.0748495
3553,0.0422694
3554,0.0323857
3555,0.0404664
3556,0.0743475
3557,0.0535658
3558,0.0526967
3559,0.0834225
3560,0.037317
3561,0.0828615
3562,0.0631738
3563,0.0343364
3564,0.0514888
3565,0.0496647
3566,0.081295
3567,0.0678751
3568,0.0510024
3569,0.0450111
3570,0.0522516
3571,0.0818325
3572,0.0491944
3573,0.0215979
3574,0.0146759
3575,0.0278827
3576,0.0384511
3577,0.029135
3578,0.058237
3579,0.0449826
3580,0.0526835
3581,0.0628303
3582,0.0714939
3583,0.0193071
3584,0.0212877
3585,0.0181136
3586,0.0701383
3587,0.0775735
3588,0.0820195
3589,0.0471849
3590,0.0706592
3591,0.054251
3592,0.0244402
3593,0.0318588
3594,0.0245015
3595,0.0179051
3596,0.0591111
3597,0.0569729
3598,0.0479488
3599,0.0384053
3600,0.0217628
3601,0.0546005
3602,0.0514129
3603,0.0478476
3604,0.0774064
3605,0.0715548
3606,0.0738572
3607,0.0339822
3608,0.0715457
3609,0.0457002
3610,0.0763184
3611,0.0292698
3612,0.0180462
3613,0.0583791
3614,0.0533595
3615,0.0773398
3616,0.0717771
3617,0.0621945
3618,0.0567879
3619,0.057465
3620,0.0327107
3621,0.0379461
3622,0.075176
3623,0.0809157
3624,0.0139516
3625,0.0313499
3626,0.0543959
3627,0.0719974
3628,0.0720391
3629,0.0364114
3630,0.0461736
3631,0.0519528
3632,0.0504415
3633,0.0332555
3634,0.0675216
3635,0.0565075
3636,0.0538011
3637,0.0213059
3638,0.032105
3639,0.0635874
3640,0.0486463
3641,0.0363191
3642,0.0603997
3643,0.0420733
3644,0.0468852
3645,0.0770545
3646,0.0424307
3647,0.0234911
3648,0.0414295
3649,0.0489017
3650,0.0254246
3651,0.0111035
3652,0.0261122
3653,0.0858432
3654,0.0887752
3655,0.0758756
3656,0.0401279
3657,0.0579915
3658,0.0581472
3659,0.0234392
3660,0.0211999
3661,0.033007
3662,0.0208214
3663,0.0426231
3664,0.0485929
3665,0.072961
3666,0.0604576
3667,0.0497145
3668,0.0222365
3669,0.0714583
3670,0.0174448
3671,0.0381265
3672,0.0172238
3673,0.0243842
3674,0.0426797
3675,0.0565619
3676,0.0448616
3677,0.0451668
3678,0.0920919
3679,0.0449004
3680,0.041777
3681,0.0622379
3682,0.0432645
3683,0.0425897
3684,0.0265877
3685,0.0645376
3686,0.0788311
3687,0.0736424
3688,0.0728457
3689,0.030064
3690,0.0764697
3691,0.0811469
3692,0.0642105
3693,0.0285372
3694,0.0670945
3695,0.0662749
3696,0.0305887
3697,0.0543337
3698,0.0508967
3699,0.0397163
3700,0.0422192
3701,0.0390277
3702,0.0726625
3703,0.0690376
3704,0.0750639
3705,0.0302505
3706,0.0475978
3707,0.0519564
3708,0.0582898
3709,0.0257032
3710,0.0638727
3711,0.0238073
3712,0.0243622
3713,0.0295095
3714,0.0395077
3715,0.0668928
3716,0.0393891
3717,0.060283
3718,0.0517469
3719,0.0207555
3720,0.0475733
3721,0.0586257
3722,0.0367714
3723,0.0889978
3724,0.0653662
3725,0.0777606
3726,0.0532615
3727,0.0464589
3728,0.0128193
3729,0.0189596
3730,0.0327657
3731,0.0445964
3732,0.0304291
3733,0.0300474
3734,0.0523686
3735,0.0210459
3736,0.0328129
3737,0.0553
3738,0.0570395
3739,0.0715211
3740,0.0303524
3741,0.0201814
3742,0.0325446
3743,0.0348238
3744,0.0520251
3745,0.0281072
3746,0.0516405
3747,0.0668384
3748,0.0501795
3749,0.0320509
3750,0.0309332
3751,0.0205044
3752,0.0764915
3753,0.0585648
3754,0.0573664
3755,0.0378302
3756,0.0544953
3757,0.037625
3758,0.0619743
3759,0.0357485
3760,0.0334805
3761,0.0469088
3762,0.0326398
3763,0.092798
3764,0.106991
3765,0.0758653
3766,0.0412131
3767,0.0403644
3768,0.0423211
3769,0.0599899
3770,0.0599127
3771,0.019178
3772,0.0218619
3773,0.0144171
3774,0.0359424
3775,0.0287129
3776,0.0430226
3777,0.0531958
3778,0.0100466
3779,0.0257312
3780,0.0677665
3781,0.0550739
3782,0.0431069
3783,0.0154136
3784,0.0225722
3785,0.0676426
3786,0.0354684
3787,0.074584
3788,0.0474987
3789,0.0382676
3790,0.0597127
3791,0.0445766
3792,0.0339369
3793,0.0505871
3794,0.0749102
3795,0.0570219
3796,0.0185013
3797,0.0297775
3798,0.0329043
3799,0.0471429
3800,0.0672002
3801,0.0410478
3802,0.0359197
3803,0.0621518
3804,0.0316459
3805,0.0445905
3806,0.0475849
3807,0.0573548
3808,0.0659328
3809,0.053635
3810,0.0261186
3811,0.0501406
3812,0.0476388
3813,0.0510634
3814,0.068304
3815,0.0458204
3816,0.0407507
3817,0.0675038
3818,0.00875884
3819,0.0603538
3820,0.0476521
3821,0.0684277
3822,0.0301661
3823,0.049556
3824,0.0646276
3825,0.0749556
3826,0.0277479
3827,0.061347
3828,0.0326625
3829,0.047541
3830,0.0170154
3831,0.0309486
3832,0.0522358
3833,0.0328037
3834,0.049398
3835,0.0671385
3836,0.0460657
3837,0.0369122
3838,0.040178
3839,0.040394
3840,0.0597244
3841,0.0115923
3842,0.030052
3843,0.0250548
3844,0.0823249
3845,0.0596217
3846,0.0636792
3847,0.0515405
3848,0.0171866
3849,0.0508516
3850,0.0353842
3851,0.0477245
3852,0.0528983
3853,0.059516
3854,0.0333182
3855,0.0699151
3856,0.0828298
3857,0.037968
3858,0.0274089
3859,0.0358817
3860,0.0107108
3861,0.0822638
3862,0.0783072
3863,0.0442576
3864,0.0737219
3865,0.0573062
3866,0.0372349
3867,0.0186026
3868,0.0797491
3869,0.030845
3870,0.0250897
3871,0.0412005
3872,0.0452651
3873,0.0623476
3874,0.0550696
3875,0.0306895
3876,0.0269032
3877,0.0540847
3878,0.0826005
3879,0.0654258
3880,0.0677289
3881,0.0473863
3882,0.00662095
3883,0.0310043
3884,0.0525637
3885,0.0490863
3886,0.0544865
3887,0.0464233
3888,0.0366458
3889,0.0401992
3890,0.0686707
3891,0.035084
3892,0.0247871
3893,0.0794446
3894,0.0617605
3895,0.0676889
3896,0.0522774
3897,0.0185669
3898,0.0268268
3899,0.0199602
3900,0.031401
3901,0.0450429
3902,0.033024
3903,0.0344206
3904,0.0206257
3905,0.0653503
3906,0.0696736
3907,0.0225552
3908,0.0163441
3909,0.0638174
3910,0.0362372
3911,0.0318354
3912,0.0478237
3913,0.022079
3914,0.0615602
3915,0.0436686
3916,0.0804515
3917,0.0780414
3918,0.0222384
3919,0.0644604
3920,0.0749942
3921,0.0382831
3922,0.0674583
3923,0.0584885
3924,0.0651352
3925,0.0423049
3926,0.0492859
3927,0.0524536
3928,0.0434705
3929,0.0435723
3930,0.0267612
3931,0.0247443
3932,0.0704028
3933,0.0795348
3934,0.0763609
3935,0.072122
3936,0.0245611
3937,0.0552676
3938,0.0334057
3939,0.0660581
3940,0.0513025
3941,0.0616688
3942,0.0741838
3943,0.0507117
3944,0.0581337
3945,0.0491802
3946,0.0316844
3947,0.0382475
3948,0.0551588
3949,0.0650851
3950,0.0466813
3951,0.0220635
3952,0.0529692
3953,0.033567
3954,0.0655329
3955,0.038516
3956,0.0291753
3957,0.0383903
3958,0.0659976
3959,0.0407264
3960,0.0495817
3961,0.0366871
3962,0.0319282
3963,0.0139871
3964,0.0361633
3965,0.0115977
3966,0.0833301
3967,0.0563482
3968,0.0437619
3969,0.0609587
3970,0.0236296
3971,0.0620962
3972,0.0445112
3973,0.0244748
3974,0.0722209
3975,0.0529405
3976,0.0370328
3977,0.0607545
3978,0.0342004
3979,0.0676232
3980,0.0588522
3981,0.0842089
3982,0.0234018
3983,0.0356764
3984,0.0534059
3985,0.0743877
3986,0.0388644
3987,0.0493317
3988,0.0139792
3989,0.0397313
3990,0.0506768
3991,0.0415333
3992,0.05846
3993,0.0361424
3994,0.0224563
3995,0.0739146
3996,0.0389568
3997,0.0424446
3998,0.0401726
3999,0.0842745
4000,0.0612667
4001,0.0866071
4002,0.0391518
4003,0.0402319
4004,0.0417537
4005,0.0198923
4006,0.026612
4007,0.0725532
4008,0.0486206
4009,0.0203349
4010,0.037357
4011,0.0340861
4012,0.042575
4013,0.0263532
4014,0.0590962
4015,0.0514656
4016,0.0279095
4017,0.0655648
4018,0.0889459
4019,0.088213
4020,0.050057
4021,0.0504573
4022,0.0395596
4023,0.0642534
4024,0.038454
4025,0.028822
4026,0.0450877
4027,0.0360048
4028,0.0359941
4029,0.0515722
4030,0.0679219
4031,0.0257597
4032,0.0162164
4033,0.0337727
4034,0.0445946
4035,0.040678
4036,0.0833323
4037,0.052414
4038,0.0330435
4039,0.0642828
4040,0.0733864
4041,0.0766472
4042,0.0147782
4043,0.0482022
4044,0.0747586
4045,0.0361189
4046,0.039452
4047,0.0229526
4048,0.0352471
4049,0.0584246
4050,0.0283472
4051,0.0431184
4052,0.0205055
4053,0.0580732
4054,0.0521966
4055,0.0466806
4056,0.0291111
4057,0.0610101
4058,0.0452348
4059,0.0516735
4060,0.0451257
4061,0.0713775
4062,0.0380752
4063,0.0169913
4064,0.0241733
4065,0.0388007
4066,0.0908412
4067,0.0441097
4068,0.0610341
4069,0.0835471
4070,0.0786195
4071,0.0328094
4072,0.0194228
4073,0.0233772
4074,0.0295798
4075,0.041051
4076,0.0376418
4077,0.00926185
4078,0.0265634
4079,0.0308106
4080,0.043865
4081,0.0482637
4082,0.0734949
4083,0.0273485
4084,0.0315533
4085,0.0172962
4086,0.0434427
4087,0.0581409
4088,0.0661215
4089,0.0141964
4090,0.062757
4091,0.0824499
4092,0.0287714
4093,0.0323009
4094,0.0332212
4095,0.0241344
4096,0.0432764
4097,0.0648435
4098,0.0537944
4099,0.0795693
4100,0.0642657
4101,0.0645637
4102,0.0128944
4103,0.0643518
4104,0.0783436
4105,0.0678546
4106,0.0117724
4107,0.0120751
4108,0.0289265
4109,0.0675335
4110,0.0839362
4111,0.030102
4112,0.0489677
4113,0.0256688
4114,0.0443623
4115,0.0899701
4116,0.0420358
4117,0.0581264
4118,0.0501124
4119,0.0796615
4120,0.0370635
4121,0.0425623
4122,0.0252144
4123,0.0187006
4124,0.00993877
4125,0.0649674
4126,0.0723783
4127,0.08065
4128,0.0119198
4129,0.0142319
4130,0.0382852
4131,0.0673152
4132,0.0308514
4133,0.0525783
4134,0.0234182
4135,0.0500595
4136,0.0538653
4137,0.0405344
4138,0.0513911
4139,0.0550928
4140,0.0677191
4141,0.0198673
4142,0.0107198
4143,0.0370471
4144,0.0360959
4145,0.0527274
4146,0.0409597
4147,0.047794
4148,0.0300177
4149,0.0433373
4150,0.0741737
4151,0.060665
4152,0.0741846
4153,0.0519767
4154,0.0537997
4155,0.0312073
4156,0.0550851
4157,0.0601759
4158,0.0388415
4159,0.0376579
4160,0.0623974
4161,0.0247656
4162,0.042449
4163,0.0370381
4164,0.0150878
4165,0.0396533
4166,0.0252049
4167,0.045456
4168,0.0661606
4169,0.0186035
4170,0.0256733
4171,0.0530161
4172,0.0286194
4173,0.0266622
4174,0.0607842
4175,0.0711802
4176,0.0895747
4177,0.099745
4178,0.0842899
4179,0.0705019
4180,0.062697
4181,0.040725
4182,0.0752664
4183,0.0713998
4184,0.0778952
4185,0.0328885
4186,0.0492255
4187,0.0415053
4188,0.0450525
4189,0.0421842
4190,0.0283751
4191,0.0117997
4192,0.053643
4193,0.0627335
4194,0.0683321
4195,0.0732898
4196,0.0280953
4197,0.0575962
4198,0.0441231
4199,0.0378514
4200,0.0825123
4201,0.0585778
4202,0.0345047
4203,0.0278452
4204,0.0449593
4205,0.0258475
4206,0.0696516
4207,0.0640183
4208,0.0817886
4209,0.0311626
4210,0.011062
4211,0.0375488
4212,0.0392275
4213,0.068748
4214,0.0222192
4215,0.0185166
4216,0.0349932
4217,0.0189184
4218,0.0194944
4219,0.0145236
4220,0.0360736
4221,0.0700471
4222,0.0572136
4223,0.0644568
4224,0.0624672
4225,0.0758782
4226,0.0683547
4227,0.0646223
4228,0.0309404
4229,0.030332
4230,0.0771607
4231,0.0370882
4232,0.0254337
4233,0.0510425
4234,0.0401183
4235,0.0147234
4236,0.0620981
4237,0.065244
4238,0.0901431
4239,0.0502151
4240,0.0584681
4241,0.0178753
4242,0.0559728
4243,0.0272754
4244,0.0653713
4245,0.0453332
4246,0.0781461
4247,0.0536958
4248,0.0541476
4249,0.0435106
4250,0.0579681
4251,0.0327955
4252,0.0594622
4253,0.0478029
4254,0.0297119
4255,0.044214
4256,0.0275299
4257,0.0750249
4258,0.0818483
4259,0.0156714
4260,0.0582094
4261,0.0541257
4262,0.0724693
4263,0.0550313
4264,0.0694892
4265,0.0442656
4266,0.0349567
4267,0.0498526
4268,0.0640262
4269,0.0708273
4270,0.0436214
4271,0.0496354
4272,0.0617424
4273,0.0495551
4274,0.0604162
4275,0.0909521
4276,0.0284558
4277,0.0577491
4278,0.0232238
4279,0.0336446
4280,0.060694
4281,0.0822342
4282,0.0378354
4283,0.0357948
4284,0.0245598
4285,0.0721834
4286,0.0347605
4287,0.029271
4288,0.0248725
4289,0.0259212
4290,0.0285216
4291,0.0602308
4292,0.0471835
4293,0.0431973
4294,0.0243541
4295,0.0375088
4296,0.0579075
4297,0.0622204
4298,0.0528143
4299,0.04571
4300,0.0739319
4301,0.026564
4302,0.043649
4303,0.0322574
4304,0.0603173
4305,0.0571399
4306,0.0875243
4307,0.0664569
4308,0.0777562
4309,0.0314378
4310,0.0362608
4311,0.0586768
4312,0.0467414
4313,0.0688841
4314,0.0428188
4315,0.0307099
4316,0.0408926
4317,0.0405062
4318,0.077477
4319,0.0799664
4320,0.0309097
4321,0.0559072
4322,0.0681826
4323,0.0575327
4324,0.0295877
4325,0.0691389
4326,0.0602293
4327,0.0362485
4328,0.0465666
4329,0.0646556
4330,0.0601236
4331,0.0322054
4332,0.0610463
4333,0.0544751
4334,0.0483845
4335,0.0672253
4336,0.0311748
4337,0.0218358
4338,0.0282631
4339,0.0309722
4340,0.0664981
4341,0.0652181
4342,0.0679151
4343,0.0548202
4344,0.0693826
4345,0.0694919
4346,0.0700407
4347,0.0670135
4348,0.0883934
4349,0.0280192
4350,0.0646894
4351,0.037174
4352,0.0654008
4353,0.0859261
4354,0.0474914
4355,0.0414601
4356,0.0676543
4357,0.0390951
4358,0.0618088
4359,0.0525103
4360,0.0731612
4361,0.0338555
4362,0.0190731
4363,0.0523264
4364,0.0364051
4365,0.0419019
4366,0.0520493
4367,0.0655554
4368,0.0343507
4369,0.0291586
4370,0.0389767
4371,0.0511351
4372,0.0431569
4373,0.035273
4374,0.0278653
4375,0.0654131
4376,0.0507003
4377,0.0336837
4378,0.0374717
4379,0.0920945
4380,0.0690919
4381,0.0742801
4382,0.0499277
4383,0.036608
4384,0.0586282
4385,0.0427066
4386,0.013366
4387,0.0649028
4388,0.0320812
4389,0.0363499
4390,0.0211141
4391,0.041469
4392,0.038116
4393,0.0731987
4394,0.0620579
4395,0.0456316
4396,0.0294559
4397,0.0465552
4398,0.0644157
4399,0.052809
4400,0.0315696
4401,0.0431903
4402,0.0280608
4403,0.021256
4404,0.0435729
4405,0.0334719
4406,0.0522677
4407,0.0252228
4408,0.0820009
4409,0.0668611
4410,0.0310964
4411,0.0424829
4412,0.0746633
4413,0.0228699
4414,0.102954
4415,0.0523445
4416,0.0660442
4417,0.027468
4418,0.0378286
4419,0.0520209
4420,0.0720442
4421,0.0390665
4422,0.0380785
4423,0.0256542
4424,0.0514087
4425,0.0649209
4426,0.0678417
4427,0.0727733
4428,0.0239689
4429,0.0453288
4430,0.0584711
4431,0.0895341
4432,0.0923545
4433,0.070778
4434,0.0757531
4435,0.0743216
4436,0.0733614
4437,0.050876
4438,0.048483
4439,0.0679274
4440,0.0547423
4441,0.0398376
4442,0.0715585
4443,0.0680182
4444,0.047302
4445,0.0363223
4446,0.0140149
4447,0.0279947
4448,0.0424524
4449,0.0300425
4450,0.0302124
4451,0.0305348
4452,0.0750946
4453,0.0993351
4454,0.0691985
4455,0.0144872
4456,0.0595399
4457,0.086
4458,0.039104
4459,0.0512137
4460,0.071036
4461,0.0474433
4462,0.0320018
4463,0.0117846
4464,0.0319001
4465,0.0258982
4466,0.0116216
4467,0.0150138
4468,0.0573168
4469,0.0372109
4470,0.02004
4471,0.0232443
4472,0.0482416
4473,0.024527
4474,0.0714308
4475,0.0612184
4476,0.0579289
4477,0.0339714
4478,0.0452332
4479,0.0492718
4480,0.0729518
4481,0.0855627
4482,0.0568477
4483,0.0480536
4484,0.083576
4485,0.0442265
4486,0.0048248
4487,0.01788
4488,0.0537818
4489,0.0346325
4490,0.0317597
4491,0.0356188
4492,0.0301047
4493,0.0835144
4494,0.0637485
4495,0.0479235
4496,0.0352934
4497,0.0567199
4498,0.0227629
4499,0.0610792
4500,0.0595436
4501,0.051655
4502,0.0120688
4503,0.0714551
4504,0.0643033
4505,0.0128516
4506,0.0173149
4507,0.0392882
4508,0.0613912
4509,0.0395597
4510,0.0303047
4511,0.0397913
4512,0.0712345
4513,0.0706503
4514,0.0471663
4515,0.0320948
4516,0.0269018
4517,0.0760219
4518,0.0323831
4519,0.0354963
4520,0.0535629
4521,0.055112
4522,0.0357448
4523,0.0755573
4524,0.0489426
4525,0.0694133
4526,0.0372406
4527,0.0670016
4528,0.0759309
4529,0.0352854
4530,0.0218303
4531,0.0351061
4532,0.0706189
4533,0.0758955
4534,0.0378251
4535,0.0667032
4536,0.0659008
4537,0.00634895
4538,0.0546592
4539,0.0758623
4540,0.0693228
4541,0.0376073
4542,0.0339385
4543,0.0221541
4544,0.0396296
4545,0.0536075
4546,0.0423891
4547,0.0156504
4548,0.0777298
4549,0.0704624
4550,0.0368381
4551,0.0275157
4552,0.0539503
4553,0.0654292
4554,0.06405
4555,0.0315904
4556,0.0596583
4557,0.0318702
4558,0.0228168
4559,0.010104
4560,3.83688e-05
4561,0.0328236
4562,0.0339737
4563,0.0750827
4564,0.0602846
4565,0.0682245
4566,0.0723858
4567,0.0720618
4568,0.0546041
4569,0.0371746
4570,0.054949
4571,0.0167752
4572,0.0654399
4573,0.0449391
4574,0.028671
4575,0.0371862
4576,0.0469645
4577,0.0450368
4578,0.0479937
4579,0.029832
4580,0.0381669
4581,0.0631053
4582,0.0510601
4583,0.0392692
4584,0.0690712
4585,0.0429378
4586,0.03081
4587,0.0363349
4588,0.0405645
4589,0.079685
4590,0.0636257
4591,0.0812782
4592,0.0686923
4593,0.0389273
4594,0.0579246
4595,0.0587926
4596,0.0387511
4597,0.0849382
4598,0.0166813
4599,0.0550065
4600,0.0489111
4601,0.00665814
4602,0.0326626
4603,0.0395798
4604,0.0278075
4605,0.0731463
4606,0.032878
4607,0.088314
4608,0.0796689
4609,0.0323166
4610,0.0446602
4611,0.0600489
4612,0.0603637
4613,0.0640342
4614,0.0282952
4615,0.0579729
4616,0.0662514
4617,0.0363711
4618,0.0444272
4619,0.020566
4620,0.0460384
4621,0.0633415
4622,0.027973
4623,0.00576607
4624,0.0618283
4625,0.0606322
4626,0.0804383
4627,0.0697904
4628,0.0421962
4629,0.0285542
4630,0.0197078
4631,0.0299936
4632,0.050511
4633,0.0337544
4634,0.0505212
4635,0.0706414
4636,0.0502171
4637,0.0765461
4638,0.0818604
4639,0.0483252
4640,0.0640135
4641,0.0342949
4642,0.0183913
4643,0.0616635
4644,0.0609415
4645,0.0223855
4646,0.0716338
4647,0.0603151
4648,0.0434226
4649,0.0391619
4650,0.0609628
4651,0.0431078
4652,0.0289404
4653,0.0236861
4654,0.0636778
4655,0.0393254
4656,0.0220831
4657,0.0413532
4658,0.0477787
4659,0.0367793
4660,0.0642564
4661,0.0576176
4662,0.0392917
4663,0.0826783
4664,0.0187998
4665,0.0283952
4666,0.0464944
4667,0.0526749
4668,0.0502987
4669,0.0244756
4670,0.0186819
4671,0.0445365
4672,0.025692
4673,0.047692
4674,0.0417692
4675,0.0510203
4676,0.0478325
4677,0.0495285
4678,0.0370284
4679,0.0297573
4680,0.0260854
4681,0.0301448
4682,0.0609142
4683,0.0361157
4684,0.0655336
4685,0.0600745
4686,0.0533009
4687,0.0444149
4688,0.0731241
4689,0.0271512
4690,0.0176165
4691,0.020058
4692,0.0608343
4693,0.0706949
4694,0.0248752
4695,0.0213686
4696,0.0622637
4697,0.0501715
4698,0.0462249
4699,0.0156188
4700,0.0377596
4701,0.0545142
4702,0.0266917
4703,0.0512932
4704,0.0253608
4705,0.0431149
4706,0.0674051
4707,0.0257614
4708,0.0158992
4709,0.0576901
4710,0.0644781
4711,0.0604868
4712,0.0356516
4713,0.0643882
4714,0.0298493
4715,0.0569018
4716,0.0335977
4717,0.0533554
4718,0.0486592
4719,0.0657721
4720,0.0448473
4721,0.0728731
4722,0.0505893
4723,0.0622163
4724,0.0637621
4725,0.0471907
4726,0.0141835
4727,0.0291421
4728,0.0524678
4729,0.0717479
4730,0.026268
4731,0.0569002
4732,0.081281
4733,0.0656856
4734,0.073844
4735,0.0428788
4736,0.0606296
4737,0.0649336
4738,0.0798093
4739,0.0635254
4740,0.0344987
4741,0.064247
4742,0.0617669
4743,0.00313153
4744,0.0192958
4745,0.0422469
4746,0.0549635
4747,0.0617474
4748,0.0473486
4749,0.0702194
4750,0.0434357
4751,0.0580916
4752,0.0350502
4753,0.0563441
4754,0.061783
4755,0.0477099
4756,0.0755909
4757,0.0695623
4758,0.0393346
4759,0.0562825
4760,0.0273762
4761,0.0630478
4762,0.0466219
4763,0.019587
4764,0.0325902
4765,0.0587579
4766,0.0843574
4767,0.0655228
4768,0.0305686
4769,0.0800751
4770,0.0552118
4771,0.0703269
4772,0.0387348
4773,0.0763823
4774,0.0283444
4775,0.0217779
4776,0.0394689
4777,0.0592851
4778,0.0577717
4779,0.0402926
4780,0.052631
4781,0.033044
4782,0.0354958
4783,0.0459556
4784,0.0173111
4785,0.0368827
4786,0.0204918
4787,0.0670528
4788,0.0568913
4789,0.0296909
4790,0.0113385
4791,0.028805
4792,0.0746988
4793,0.0677996
4794,0.0596704
4795,0.0645742
4796,0.0709469
4797,0.0709319
4798,0.0721713
4799,0.025416
4800,0.0414077
4801,0.0236452
4802,0.00957532
4803,0.0297792
4804,0.0693534
4805,0.0293104
4806,0.0465332
4807,0.0229291
4808,0.0368192
4809,0.0137441
4810,0.0683893
4811,0.0762298
4812,0.049145
4813,0.0343276
4814,0.0321376
4815,0.0243169
4816,0.0342642
4817,0.0165117
4818,0.0286256
4819,0.0706267
4820,0.0669829
4821,0.0737699
4822,0.0435651
4823,0.0183914
4824,0.0673346
4825,0.0579094
4826,0.0256345
4827,0.0980385
4828,0.0648003
4829,0.0206364
4830,0.0181262
4831,0.0253077
4832,0.0507254
4833,0.0664775
4834,0.0282391
4835,0.0147436
4836,0.0157769
4837,0.0222153
4838,0.0178056
4839,0.0727233
4840,0.0759264
4841,0.0617643
4842,0.0702866
4843,0.0889403
4844,0.0881292
4845,0.0654747
4846,0.0487453
4847,0.0785782
4848,0.0871032
4849,0.0312164
4850,0.0505571
4851,0.0549043
4852,0.05045
4853,0.0389178
4854,0.0341342
4855,0.0522076
4856,0.0700297
4857,0.0230525
4858,0.0366637
4859,0.0561197
4860,0.0375235
4861,0.0342969
4862,0.0112941
4863,0.0305785
4864,0.0635192
4865,0.0870662
4866,0.0788054
4867,0.035853
4868,0.0505773
4869,0.0522133
4870,0.031019
4871,0.0591985
4872,0.0687993
4873,0.0748872
4874,0.0557535
4875,0.0558339
4876,0.0234786
4877,0.0323486
4878,0.0627929
4879,0.0656024
4880,0.0345259
4881,0.0407919
4882,0.0622674
4883,0.0588721
4884,0.0428516
4885,0.0369925
4886,0.0405234
4887,0.0331868
4888,0.0394593
4889,0.025752
4890,0.0424741
4891,0.0186626
4892,0.055908
4893,0.0679795
4894,0.085387
4895,0.068413
4896,0.0482306
4897,0.0867812
4898,0.0667825
4899,0.0507027
4900,0.0632242
4901,0.0737945
4902,0.0477594
4903,0.074063
4904,0.0482686
4905,0.0501693
4906,0.0695346
4907,0.0538224
4908,0.0271639
4909,0.0406701
4910,0.0591594
4911,0.0530927
4912,0.0577422
4913,0.0236378
4914,0.0158953
4915,0.0586405
4916,0.0793847
4917,0.0769316
4918,0.0752874
4919,0.031277
4920,0.0190036
4921,0.0787618
4922,0.0169612
4923,0.0277833
4924,0.0580578
4925,0.0743619
4926,0.0668054
4927,0.0252463
4928,0.0528909
4929,0.037666
4930,0.074612
4931,0.0500295
4932,0.0404897
4933,0.0441366
4934,0.0784543
4935,0.0644642
4936,0.0558982
4937,0.0587723
4938,0.0705003
4939,0.0619452
4940,0.0340781
4941,0.0323347
4942,0.0671254
4943,0.0519621
4944,0.0344592
4945,0.0930826
4946,0.0712346
4947,0.0362433
4948,0.0802127
4949,0.0752769
4950,0.027777
4951,0.0247362
4952,0.0623219
4953,0.0539929
4954,0.0360757
4955,0.0350476
4956,0.03077
4957,0.0350642
4958,0.0502234
4959,0.066489
4960,0.0544622
4961,0.0705207
4962,0.0441786
4963,0.0734368
4964,0.0198727
4965,0.0320029
4966,0.0329753
4967,0.0325401
4968,0.0616228
4969,0.0626204
4970,0.0368303
4971,0.0277744
4972,0.0291371
4973,0.00965083
4974,0.0409989
4975,0.0681945
4976,0.0639603
4977,0.0449974
4978,0.0703241
4979,0.0903137
4980,0.0744809
4981,0.0846209
4982,0.0325855
4983,0.0235881
4984,0.0379498
4985,0.0366465
4986,0.065076
4987,0.0793594
4988,0.0450197
4989,0.0651545
4990,0.0675872
4991,0.0392422
4992,0.0618387
4993,0.0354221
4994,0.0562834
4995,0.0572688
4996,0.0708514
4997,0.0554817
4998,0.0577869
4999,0.0386996
5000,0.0598651
5001,0.0323449
5002,0.0798572
5003,0.0563206
5004,0.0318427
5005,0.0830272
5006,0.0518574
5007,0.0204506
5008,0.0698144
5009,0.0290342
5010,0.0851513
5011,0.0699423
5012,0.048005
5013,0.0704281
5014,0.0520754
5015,0.0464475
5016,0.038493
5017,0.0511648
5018,0.0818306
5019,0.06396
5020,0.0642624
5021,0.0230066
5022,0.0648443
5023,0.0528439
5024,0.0158552
5025,0.051036
5026,0.0267506
5027,0.044275
5028,0.0811699
5029,0.0533107
5030,0.0299603
5031,0.0258913
5032,0.0437859
5033,0.0366749
5034,0.0144361
5035,0.0255903
5036,0.00399901
5037,0.0380349
5038,0.0179069
5039,0.0483352
5040,0.0622308
5041,0.0787129
5042,0.0163846
5043,0.0634369
5044,0.0460092
5045,0.0488501
5046,0.035207
5047,0.0383775
5048,0.0691943
5049,0.0725236
5050,0.046406
5051,0.0911036
5052,0.0526085
5053,0.0459686
5054,0.0658083
5055,0.0381872
5056,0.0166662
5057,0.0385351
5058,0.0322762
5059,0.0729351
5060,0.0667968
5061,0.0543915
5062,0.0254704
5063,0.0784191
5064,0.0559434
5065,0.0816837
5066,0.0448655
5067,0.0307576
5068,0.0552112
5069,0.0585724
5070,0.0396044
5071,0.03547
5072,0.030836
5073,0.0623772
5074,0.0140597
5075,0.0517404
5076,0.077213
5077,0.0412583
5078,0.0222776
5079,0.0226739
5080,0.0211995
5081,0.0379356
5082,0.05199
5083,0.0260015
5084,0.038789
5085,0.0392953
5086,0.039055
5087,0.05685
5088,0.0256934
5089,0.0571096
5090,0.0354192
5091,0.0228136
5092,0.0585418
5093,0.0512353
5094,0.0174167
5095,0.0259294
5096,0.0221489
5097,0.0567581
5098,0.0346964
5099,0.0364366
5100,0.0372569
5101,0.0887102
5102,0.0316343
5103,0.0335317
5104,0.0356921
5105,0.0419417
5106,0.0410092
5107,0.0619164
5108,0.0427619
5109,0.0703976
5110,0.0837429
5111,0.0369902
5112,0.0459175
5113,0.0248681
5114,0.0568698
5115,0.0447311
5116,0.0244618
5117,0.010727
5118,0.0561976
5119,0.0397747
5120,0.0313196
5121,0.0401655
5122,0.0520906
5123,0.0506277
5124,0.0477035
5125,0.0299798
5126,0.0374236
5127,0.0388802
5128,0.045762
5129,0.039129
5130,0.035956
5131,0.0558699
5132,0.0745305
5133,0.0397482
5134,0.0565603
5135,0.057822
5136,0.0635145
5137,0.0438558
5138,0.0543193
5139,0.022593
5140,0.0280379
5141,0.0497744
5142,0.0698608
5143,0.0307301
5144,0.0431249
5145,0.034051
5146,0.0292883
5147,0.0395441
5148,0.0313743
5149,0.0651651
5150,0.0729636
5151,0.0653144
5152,0.0372016
5153,0.0412777
5154,0.0338662
5155,0.00813141
5156,0.0420451
5157,0.0592483
5158,0.0184892
5159,0.0178401
5160,0.0351785
5161,0.0308444
5162,0.0692381
5163,0.0366769
5164,0.0398902
5165,0.046497
5166,0.0742299
5167,0.0559444
5168,0.0616134
5169,0.022484
5170,0.0559364
5171,0.0533887
5172,0.0589626
5173,0.0379714
5174,0.0814904
5175,0.0730887
5176,0.0401436
5177,0.0305794
5178,0.0259799
5179,0.053973
5180,0.0697885
5181,0.0322493
5182,0.0685344
5183,0.0473042
5184,0.0257713
5185,0.0558277
5186,0.0800993
5187,0.0582388
5188,0.0190156
5189,0.0445112
5190,0.0300406
5191,0.0546197
5192,0.0223538
5193,0.0370764
5194,0.0319712
5195,0.0288495
5196,0.0278498
5197,0.0238312
5198,0.0549931
5199,0.0442391
5200,0.0344935
5201,0.0453702
5202,0.0377161
5203,0.0254755
5204,0.0571065
5205,0.0675159
5206,0.0453223
5207,0.0475
5208,0.0828661
5209,0.0792053
5210,0.0371089
5211,0.0522421
5212,0.0247318
5213,0.0296228
5214,0.0243716
5215,0.0561807
5216,0.0575464
5217,0.0348859
5218,0.0164663
5219,0.022281
5220,0.0482518
5221,0.0366873
5222,0.0709348
5223,0.0725991
5224,0.0762465
5225,0.0713225
5226,0.0337861
5227,0.025738
5228,0.0371087
5229,0.0374639
5230,0.027093
5231,0.0285245
5232,0.0461074
5233,0.0397776
5234,0.0704681
5235,0.00664219
5236,0.0611011
5237,0.0655532
5238,0.0651746
5239,0.0313776
5240,0.0930648
5241,0.0563079
5242,0.012034
5243,0.0115841
5244,0.0220003
5245,0.0309147
5246,0.0387452
5247,0.0631073
5248,0.0464968
5249,0.0151831
5250,0.0198088
5251,0.0350696
5252,0.0531463
5253,0.0778715
5254,0.0611518
5255,0.0824195
5256,0.0823182
5257,0.0626582
5258,0.0427235
5259,0.0430061
5260,0.076539
5261,0.0828977
5262,0.0543367
5263,0.0733198
5264,0.0230261
5265,0.0610099
5266,0.0454467
5267,0.0501991
5268,0.0342038
5269,0.0465891
5270,0.0367853
5271,0.0393773
5272,0.042423
5273,0.0763778
5274,0.0225922
5275,0.0289993
5276,0.042092
5277,0.0770534
5278,0.0727415
5279,0.0479455
5280,0.0288196
5281,0.0652686
5282,0.0406584
5283,0.033745
5284,0.0351193
5285,0.0322723
5286,0.0476961
5287,0.0231452
5288,0.0362628
5289,0.0711655
5290,0.0777471
5291,0.0302741
5292,0.0697465
5293,0.0560509
5294,0.0500185
5295,0.0376899
5296,0.0458437
5297,0.0494837
5298,0.0391783
5299,0.0280985
5300,0.0226506
5301,0.0648066
5302,0.0118671
5303,0.0192667
5304,0.0519639
5305,0.0370718
5306,0.059383
5307,0.0346779
5308,0.0649863
5309,0.0728752
5310,0.069173
5311,0.0365379
5312,0.0719614
5313,0.0361324
5314,0.0640554
5315,0.034455
5316,0.0574649
5317,0.022225
5318,0.0211203
5319,0.0107735
5320,0.0204221
5321,0.0396991
5322,0.0415828
5323,0.0607524
5324,0.039104
5325,0.0610913
5326,0.0393924
5327,0.0282309
5328,0.0597156
5329,0.0343088
5330,0.0381237
5331,0.0827488
5332,0.0654124
5333,0.0333242
5334,0.0736296
5335,0.0060407
5336,0.0616673
5337,0.0426488
5338,0.0256822
5339,0.0268727
5340,0.0618707
5341,0.0314557
5342,0.0304103
5343,0.0648353
5344,0.0559754
5345,0.0307646
5346,0.0615362
5347,0.0676745
5348,0.0704034
5349,0.0382144
5350,0.0354555
5351,0.0386008
5352,0.0618893
5353,0.0568615
5354,0.0540537
5355,0.0494573
5356,0.0652803
5357,0.0278163
5358,0.0559025
5359,0.021595
5360,0.025389
5361,0.0728969
5362,0.0681529
5363,0.0550863
5364,0.0291747
5365,0.0652538
5366,0.065796
5367,0.0337318
5368,0.0623219
5369,0.0303386
5370,0.0279341
5371,0.0242499
5372,0.0571813
5373,0.0599195
5374,0.0305442
5375,0.0356516
5376,0.0615369
5377,0.0193365
5378,0.0416738
5379,0.0122936
5380,0.0763443
5381,0.0221534
5382,0.0200599
5383,0.0567971
5384,0.0252021
5385,0.0193978
5386,0.0113564
5387,0.068247
5388,0.0835649
5389,0.0319496
5390,0.0260548
5391,0.0234265
5392,0.0682857
5393,0.0681241
5394,0.0657115
5395,0.0266924
5396,0.0402929
5397,0.0265922
5398,0.0581777
5399,0.0780041
5400,0.0556323
5401,0.0626877
5402,0.0787367
5403,0.0551124
5404,0.0442122
5405,0.04969
5406,0.0338552
5407,0.0254676
5408,0.0745649
5409,0.0682634
5410,0.0513647
5411,0.0388304
5412,0.046083
5413,0.0212549
5414,0.0170495
5415,0.057399
5416,0.0426257
5417,0.0400091
5418,0.0723303
5419,0.0547778
5420,0.0600544
5421,0.0347475
5422,0.0478407
5423,0.080189
5424,0.0324254
5425,0.022957
5426,0.0818576
5427,0.0291648
5428,0.0180581
5429,0.0458255
5430,0.0748203
5431,0.0825978
5432,0.0315763
5433,0.0335667
5434,0.0354913
5435,0.0115066
5436,0.0115663
5437,0.0149303
5438,0.0362823
5439,0.0629317
5440,0.0710089
5441,0.0369156
5442,0.0695107
5443,0.0322305
5444,0.0214465
5445,0.022653
5446,0.0685746
5447,0.0645651
5448,0.066632
5449,0.0246438
5450,0.0486825
5451,0.0400276
5452,0.0290612
5453,0.0718989
5454,0.0789261
5455,0.0346115
5456,0.0248144
5457,0.0243421
5458,0.03562
5459,0.0224845
5460,0.0288832
5461,0.0543011
5462,0.0614566
5463,0.0847379
5464,0.0575152
5465,0.0573049
5466,0.0711455
5467,0.0535538
5468,0.0693274
5469,0.0443977
5470,0.035499
5471,0.0551965
5472,0.0485477
5473,0.0427126
5474,0.0478697
5475,0.0333522
5476,0.0789616
5477,0.089515
5478,0.0825452
5479,0.0282838
5480,0.0372642
5481,0.0396286
5482,0.044719
5483,0.0419243
5484,0.0166767
5485,0.0116193
5486,0.0660482
5487,0.0336069
5488,0.0622824
5489,0.0537941
5490,0.0674687
5491,0.0476862
5492,0.0217757
5493,0.00281615
5494,0.0329346
5495,0.0569482
5496,0.0440368
5497,0.0704711
5498,0.0654691
5499,0.0699844
5500,0.0322311
5501,0.0454328
5502,0.0710815
5503,0.0334588
5504,0.0507968
5505,0.0498408
5506,0.0395802
5507,0.0377874
5508,0.0144986
5509,0.028467
5510,0.0233242
5511,0.0188754
5512,0.0515198
5513,0.0152401
5514,0.0703878
5515,0.0387245
5516,0.0580696
5517,0.01857
5518,0.024262
5519,0.0435515
5520,0.0667676
5521,0.03765
5522,0.0566017
5523,0.0675482
5524,0.0779535
5525,0.0677895
5526,0.066325
5527,0.0370722
5528,0.0586127
5529,0.0111469
5530,0.033781
5531,0.0288182
5532,0.00566136
5533,0.0328171
5534,0.0555226
5535,0.0803752
5536,0.0379961
5537,0.0320478
5538,0.0438076
5539,0.028462
5540,0.0659443
5541,0.0317649
5542,0.0336839
5543,0.0403294
5544,0.0220502
5545,0.071356
5546,0.0646047
5547,0.0550082
5548,0.078426
5549,0.0865881
5550,0.0404437
5551,0.0338342
5552,0.0516066
5553,0.0450388
5554,0.0520687
5555,0.0178787
5556,0.0753127
5557,0.0355904
5558,0.0403126
5559,0.0591614
5560,0.0319336
5561,0.0239982
5562,0.0256771
5563,0.0761893
5564,0.0645623
5565,0.051461
5566,0.01435
5567,0.0228812
5568,0.0669822
5569,0.0578359
5570,0.0723546
5571,0.0504647
5572,0.0678404
5573,0.0655106
5574,0.0118139
5575,0.0677936
5576,0.0343432
5577,0.023429
5578,0.0143065
5579,0.0631467
5580,0.0690248
5581,0.0558429
5582,0.0543256
5583,0.0608613
5584,0.0872689
5585,0.0760898
5586,0.0792034
5587,0.0731201
5588,0.0589159
5589,0.0109101
5590,0.0265136
5591,0.0478351
5592,0.0336054
5593,0.0592472
5594,0.0553035
5595,0.0453223
5596,0.0647264
5597,0.0688014
5598,0.0516642
5599,0.0832195
5600,0.0502347
5601,0.0592412
5602,0.0788895
5603,0.0337098
5604,0.0322399
5605,0.01136
5606,0.0292673
5607,0.0648419
5608,0.0436545
5609,0.0244527
5610,0.0159919
5611,0.0142162
5612,0.0165094
5613,0.0111564
5614,0.0362899
5615,0.0634682
5616,0.0553711
5617,0.0230204
5618,0.0283248
5619,0.0409485
5620,0.0437138
5621,0.0554775
5622,0.0400856
5623,0.0620816
5624,0.0538936
5625,0.0593523
5626,0.0518486
5627,0.0318948
5628,0.0275943
5629,0.0452497
5630,0.0389169
5631,0.0305369
5632,0.0244051
5633,0.0253456
5634,0.0690674
5635,0.0740427
5636,0.0589307
5637,0.0606355
5638,0.0819237
5639,0.0331018
5640,0.0233263
5641,0.0201612
5642,0.0441546
5643,0.0370989
5644,0.0140281
5645,0.0692704
5646,0.0185286
5647,0.0640285
5648,0.0491007
5649,0.0498138
5650,0.0450494
5651,0.0440146
5652,0.0421649
5653,0.0850351
5654,0.0449364
5655,0.0499649
5656,0.0189068
5657,0.030955
5658,0.0382098
5659,0.0341073
5660,0.0235937
5661,0.0154088
5662,0.0473144
5663,0.0439478
5664,0.0642571
5665,0.0240971
5666,0.0768529
5667,0.0693873
5668,0.07783
5669,0.074024
5670,0.0360877
5671,0.0533621
5672,0.0545528
5673,0.0698382
5674,0.0680208
5675,0.0251169
5676,0.0603763
5677,0.0389121
5678,0.0311258
5679,0.041967
5680,0.0236662
5681,0.0303898
5682,0.0160537
5683,0.0516784
5684,0.067163
5685,0.0790946
5686,0.0832953
5687,0.0410165
5688,0.0632978
5689,0.0150912
5690,0.039039
5691,0.0691892
5692,0.0710952
5693,0.0512295
5694,0.0703717
5695,0.0604149
5696,0.0070902
5697,0.0238729
5698,0.0237448
5699,0.0303887
5700,0.0621335
5701,0.0272073
5702,0.06818
5703,0.0530948
5704,0.0737536
5705,0.0501045
5706,0.046382
5707,0.0149281
5708,0.0408176
5709,0.0242651
5710,0.0362859
5711,0.0206078
5712,0.0284674
5713,0.038188
5714,0.0722645
5715,0.0681793
5716,0.0283
5717,0.0363598
5718,0.0361724
5719,0.0111774
5720,0.023836
5721,0.0229569
5722,0.0612855
5723,0.0399229
5724,0.0418474
5725,0.0658777
5726,0.0513696
5727,0.0326772
5728,0.0559213
5729,0.0740033
5730,0.0443337
5731,0.0279293
5732,0.0241592
5733,0.058172
5734,0.0491589
5735,0.0587032
5736,0.0512982
5737,0.0497994
5738,0.0625006
5739,0.0507474
5740,0.0350197
5741,0.0744982
5742,0.0464028
5743,0.0492843
5744,0.0775965
5745,0.0264791
5746,0.0276913
5747,0.0826023
5748,0.0242844
5749,0.0831176
5750,0.076843
5751,0.0771553
5752,0.0349177
5753,0.0335851
5754,0.0102484
5755,0.0358424
5756,0.0257837
5757,0.0279764
5758,0.0313061
5759,0.0585263
5760,0.034819
5761,0.0676553
5762,0.057504
5763,0.0394114
5764,0.0490907
5765,0.028904
5766,0.0525064
5767,0.0311798
5768,0.0645864
5769,0.0520397
5770,0.0375169
5771,0.0515697
5772,0.0427346
5773,0.0297176
5774,0.0231231
5775,0.0533657
5776,0.0637474
5777,0.0410612
5778,0.0239239
5779,0.0294501
5780,0.020219
5781,0.0477392
5782,0.0415025
5783,0.0565309
5784,0.0386819
5785,0.017779
5786,0.0178256
5787,0.0361601
5788,0.056642
5789,0.058857
5790,0.0560446
5791,0.0154727
5792,0.0312677
5793,0.0609881
5794,0.0312027
5795,0.0295021
5796,0.0318142
5797,0.0331855
5798,0.0434952
5799,0.0343624
5800,0.0663577
5801,0.0713971
5802,0.0527243
5803,0.0378682
5804,0.0282409
5805,0.0181714
5806,0.054856
5807,0.0730624
5808,0.0296205
5809,0.0214576
5810,0.0621641
5811,0.0516445
5812,0.0801799
5813,0.0637225
5814,0.0326978
5815,0.0350179
5816,0.0214639
5817,0.0405896
5818,0.0410129
5819,0.0383198
5820,0.0156976
5821,0.0560347
5822,0.0470569
5823,0.0358483
5824,0.0211576
5825,0.0427851
5826,0.0229941
5827,0.045715
5828,0.0591063
5829,0.0337957
5830,0.0653339
5831,0.0363366
5832,0.0579753
5833,0.0744686
5834,0.0714556
5835,0.0292148
5836,0.0437768
5837,0.0554247
5838,0.0241188
5839,0.0606197
5840,0.0431276
5841,0.0317692
5842,0.0492205
5843,0.06323
5844,0.0510178
5845,0.0322856
5846,0.0327647
5847,0.0518688
5848,0.0371101
5849,0.0776665
5850,0.0690482
5851,0.0145898
5852,0.0647319
5853,0.0565514
5854,0.0305473
5855,0.0723893
5856,0.0270361
5857,0.0301404
5858,0.0279943
5859,0.0754514
5860,0.0737371
5861,0.0265539
5862,0.0311965
5863,0.034558
5864,0.0324554
5865,0.0369974
5866,0.0508985
5867,0.0519648
5868,0.0311069
5869,0.0603291
5870,0.0433557
5871,0.02191
5872,0.0449314
5873,0.0129492
5874,0.0710159
5875,0.0613895
5876,0.0698179
5877,0.0378399
5878,0.0297724
5879,0.0353702
5880,0.0266936
5881,0.0392367
5882,0.0234127
5883,0.0196829
5884,0.0260083
5885,0.054438
5886,0.0286454
5887,0.0249287
5888,0.0157101
5889,0.0768031
5890,0.0504968
5891,0.0630442
5892,0.0408539
5893,0.0424376
5894,0.0565663
5895,0.0337448
5896,0.0625547
5897,0.0728055
5898,0.0716775
5899,0.0741767
5900,0.0328691
5901,0.0255636
5902,0.0248165
5903,0.0668737
5904,0.0600145
5905,0.0556419
5906,0.0302227
5907,0.0616035
5908,0.0528094
5909,0.0522533
5910,0.0799176
5911,0.0592134
5912,0.0710716
5913,0.0183297
5914,0.0696914
5915,0.0893429
5916,0.0253446
5917,0.0506258
5918,0.0528675
5919,0.0312047
5920,0.0538009
5921,0.030872
5922,0.035217
5923,0.0260771
5924,0.0767375
5925,0.0598579
5926,0.060386
5927,0.0484619
5928,0.0579215
5929,0.0576153
5930,0.0683074
5931,0.0520039
5932,0.0368261
5933,0.0412034
5934,0.0160726
5935,0.0352415
5936,0.0306361
5937,0.0503479
5938,0.0249784
5939,0.0477701
5940,0.0251463
5941,0.0337667
5942,0.0333682
5943,0.052578
5944,0.0409894
5945,0.0603121
5946,0.028304
5947,0.065927
5948,0.069044
5949,0.0511602
5950,0.0449884
5951,0.0363013
5952,0.0288851
5953,0.0466859
5954,0.0327407
5955,0.0191002
5956,0.0218074
5957,0.0356214
5958,0.0311497
5959,0.030891
5960,0.0251065
5961,0.061099
5962,0.0204401
5963,0.023217
5964,0.0538075
5965,0.0603767
5966,0.0560129
5967,0.0914007
5968,0.0410633
5969,0.0725049
5970,0.0528045
5971,0.0360864
5972,0.0640092
5973,0.0500726
5974,0.0713802
5975,0.0372398
5976,0.050179
5977,0.0605607
5978,0.0130265
5979,0.0164609
5980,0.0334687
5981,0.0541433
5982,0.0800267
5983,0.0802721
5984,0.0510814
5985,0.062607
5986,0.0711023
5987,0.0639384
5988,0.0937844
5989,0.0391682
5990,0.0173544
5991,0.0171477
5992,0.0466919
5993,0.0615346
5994,0.0156742
5995,0.0430249
5996,0.0561718
5997,0.0884811
5998,0.057888
5999,0.066921
6000,0.0740039
6001,0.0426138
6002,0.0613899
6003,0.0280093
6004,0.0838398
6005,0.067148
6006,0.0349357
6007,0.0848043
6008,0.0714354
6009,0.0495411
6010,0.0423045
6011,0.0206149
6012,0.0601424
6013,0.0184401
6014,0.0623604
6015,0.0745809
6016,0.020131
6017,0.0323471
6018,0.0348324
6019,0.0410714
6020,0.0779399
6021,0.0334087
6022,0.0302388
6023,0.0333313
6024,0.0496319
6025,0.0112233
6026,0.0517032
6027,0.0320625
6028,0.0677409
6029,0.0428881
6030,0.0407849
6031,0.013789
6032,0.041046
6033,0.0544713
6034,0.0696837
6035,0.0323549
6036,0.0494402
6037,0.0313631
6038,0.0422932
6039,0.0594784
6040,0.0230239
6041,0.0455973
6042,0.0319373
6043,0.024608
6044,0.0421552
6045,0.0491359
6046,0.0508696
6047,0.0667458
6048,0.0660342
6049,0.0181343
6050,0.0743424
6051,0.0707937
6052,0.0707713
6053,0.0608212
6054,0.023335
6055,0.0207945
6056,0.0480316
6057,0.0357531
6058,0.0593631
6059,0.0334991
6060,0.0190914
6061,0.0423499
6062,0.0242614
6063,0.055311
6064,0.0557103
6065,0.0833285
6066,0.0520096
6067,0.0285909
6068,0.0383479
6069,0.061095
6070,0.0421289
6071,0.0333292
6072,0.0476523
6073,0.0152662
6074,0.0312596
6075,0.038146
6076,0.0180119
6077,0.0617569
6078,0.0293942
6079,0.0708366
6080,0.0645414
6081,0.029563
6082,0.0450582
6083,0.0684214
6084,0.0441848
6085,0.0446531
6086,0.0136618
6087,0.0360785
6088,0.0198581
6089,0.036496
6090,0.0377046
6091,0.0706506
6092,0.0413295
6093,0.0403208
6094,0.0234118
6095,0.0217575
6096,0.0495431
6097,0.0404676
6098,0.0481749
6099,0.0507198
6100,0.0353922
6101,0.0553331
6102,0.0227576
6103,0.0372547
6104,0.0464019
6105,0.0587827
6106,0.0771358
6107,0.0634307
6108,0.0250781
6109,0.0320402
6110,0.0524178
6111,0.0461238
6112,0.0338903
6113,0.0471874
6114,0.0346033
6115,0.00814631
6116,0.0501365
6117,0.0661636
6118,0.0394479
6119,0.0249895
6120,0.0276372
6121,0.0394285
6122,0.0463361
6123,0.0489459
6124,0.0562226
6125,0.0286321
6126,0.0347291
6127,0.0311515
6128,0.0579469
6129,0.0602235
6130,0.0476077
6131,0.0579233
6132,0.0191673
6133,0.0232169
6134,0.0125861
6135,0.0485895
6136,0.0249692
6137,0.0631312
6138,0.0310412
6139,0.0534945
6140,0.0707517
6141,0.075776
6142,0.0716494
6143,0.0297576
6144,0.0505003
6145,0.0273176
6146,0.0250987
6147,0.0647899
6148,0.0300828
6149,0.0531442
6150,0.0554686
6151,0.0441615
6152,0.0407028
6153,0.0214074
6154,0.0631672
6155,0.0602407
6156,0.0399601
6157,0.0450908
6158,0.0270539
6159,0.0368212
6160,0.0688182
6161,0.0266903
6162,0.0914959
6163,0.0946734
6164,0.0812848
6165,0.0405579
6166,0.0227176
6167,0.0280663
6168,0.0359844
6169,0.0120679
6170,0.0178824
6171,0.0313261
6172,0.0349797
6173,0.0401482
6174,0.0398039
6175,0.0265859
6176,0.0559402
6177,0.0304926
6178,0.0161016
6179,0.0520615
6180,0.0319476
6181,0.0426148
6182,0.0545431
6183,0.0789409
6184,0.041778
6185,0.0628917
6186,0.0462965
6187,0.0384977
6188,0.0288458
6189,0.0374766
6190,0.0456391
6191,0.0445838
6192,0.0226621
6193,0.0337202
6194,0.0583254
6195,0.0426136
6196,0.0179604
6197,0.0300655
6198,0.0255945
6199,0.0339883
6200,0.0228747
6201,0.0613564
6202,0.0493679
6203,0.0321276
6204,0.0376753
6205,0.0119756
6206,0.0442722
6207,0.0341483
6208,0.0518782
6209,0.0176452
6210,0.0305316
6211,0.0338637
6212,0.0443199
6213,0.0387132
6214,0.0128216
6215,0.0141936
6216,0.0537995
6217,0.0356507
6218,0.0463856
6219,0.0695014
6220,0.0841904
6221,0.0565979
6222,0.0173417
6223,0.0297234
6224,0.054351
6225,0.0384881
6226,0.0380433
6227,0.0334202
6228,0.0403324
6229,0.0463284
6230,0.0449499
6231,0.0493022
6232,0.0318907
6233,0.0351601
6234,0.0603451
6235,0.0180236
6236,0.0373975
6237,0.0221676
6238,0.0430549
6239,0.0233241
6240,0.0216191
6241,0.0190628
6242,0.0496822
6243,0.0591196
6244,0.0448731
6245,0.031079
6246,0.0638137
6247,0.0440842
6248,0.0126769
6249,0.016569
6250,0.0344531
6251,0.0312895
6252,0.00539709
6253,0.0467487
6254,0.0447803
6255,0.0226938
6256,0.031981
6257,0.0571133
6258,0.0174123
6259,0.0169621
6260,0.021727
6261,0.0239609
6262,0.0746867
6263,0.0579872
6264,0.0235648
6265,0.0554249
6266,0.0242771
6267,0.0188337
6268,0.0395322
6269,0.043367
6270,0.0268624
6271,0.0125006
6272,0.0158873
6273,0.0269341
6274,0.0123728
6275,0.00848481
6276,0.0391833
6277,0.0326728
6278,0.0233313
6279,0.0181686
6280,0.0203707
6281,0.0280383
6282,0.0474966
6283,0.0488992
6284,0.0149214
6285,0.0544755
6286,0.0267118
6287,0.0619176
6288,0.067491
6289,0.0607308
6290,0.0558442
6291,0.0190077
6292,0.0200296
6293,0.0255278
6294,0.0382433
6295,0.0543311
6296,0.0228781
6297,0.0375067
6298,0.0706498
6299,0.033142
6300,0.0296578
6301,0.0355597
6302,0.0395286
6303,0.0376023
6304,0.0493555
6305,0.0514213
6306,0.0104766
6307,0.0665676
6308,0.033303
6309,0.0155192
6310,0.0615613
6311,0.0662067
6312,0.0610413
6313,0.0413073
6314,0.0154939
6315,0.0267415
6316,0.0246472
6317,0.0375133
6318,0.0377928
6319,0.0651609
6320,0.0578219
6321,0.0253497
6322,0.0250639
6323,0.0625902
6324,0.0339197
6325,0.0284226
6326,0.0343326
6327,0.0497724
6328,0.0749292
6329,0.0388769
6330,0.0270154
6331,0.0359838
6332,0.0241211
6333,0.0583525
6334,0.0408395
6335,0.0345159
6336,0.0577406
6337,0.0495083
6338,0.00859321
6339,0.0324683
6340,0.0341397
6341,0.0515582
6342,0.0547066
6343,0.0501226
6344,0.0185921
6345,0.056273
6346,0.0215314
6347,0.0288781
6348,0.0450752
6349,0.0230626
6350,0.0219763
6351,0.0373649
6352,0.0402603
6353,0.0611869
6354,0.0203973
6355,0.0288097
6356,0.0418574
6357,0.0314616
6358,0.0528883
6359,0.0226705
6360,0.0229453
6361,0.02774
6362,0.0237116
6363,0.0471963
6364,0.0462865
6365,0.0512115
6366,0.0506383
6367,0.0400211
6368,0.0210938
6369,0.0434708
6370,0.0325072
6371,0.0205787
6372,0.0424731
6373,0.0315448
6374,0.0225124
6375,0.0360587
6376,0.0309894
6377,0.0308252
6378,0.0532085
6379,0.0367043
6380,0.0385142
6381,0.0302278
6382,0.045823
6383,0.059963
6384,0.0175579
6385,0.031366
6386,0.0276625
6387,0.0538432
6388,0.0403484
6389,0.014146
6390,0.0255926
6391,0.0184965
6392,0.0412105
6393,0.0522304
6394,0.033563
6395,0.065535
6396,0.0410633
6397,0.0186949
6398,0.0471741
6399,0.0244159
6400,0.0233569
6401,0.028393
6402,0.0212729
6403,0.0167514
6404,0.0191232
6405,0.0298608
6406,0.0321939
6407,0.0207884
6408,0.0183549
6409,0.00826237
6410,0.0211667
6411,0.0256396
6412,0.0426231
6413,0.0277914
6414,0.015263
6415,0.0339661
6416,0.0342862
6417,0.0770512
6418,0.0475231
6419,0.0437417
6420,0.057088
6421,0.0581039
6422,0.0376576
6423,0.00530692
6424,0.0177022
6425,0.0136545
6426,0.01102
6427,0.0353761
6428,0.0644126
6429,0.0140557
6430,0.042952
6431,0.0622456
6432,0.0328828
6433,0.0266574
6434,0.0584065
6435,0.021118
6436,0.043868
6437,0.0369567
6438,0.039759
6439,0.0376768
6440,0.0440019
6441,0.0465806
6442,0.0284991
6443,0.0183339
6444,0.0125873
6445,0.0111168
6446,0.0317562
6447,0.038916
6448,0.042529
6449,0.0214422
6450,0.0303717
6451,0.0172753
6452,0.0549748
6453,0.0197329
6454,0.0531309
6455,0.0401308
6456,0.0190743
6457,0.0442284
6458,0.0691611
6459,0.0461743
6460,0.0515098
6461,0.0239149
6462,0.0462087
6463,0.0330505
6464,0.0322908
6465,0.0503546
6466,0.0588145
6467,0.0225739
6468,0.0322218
6469,0.0305581
6470,0.0658186
6471,0.0358815
6472,0.0558623
6473,0.0257774
6474,0.0300785
6475,0.0132518
6476,0.0343798
6477,0.0254047
6478,0.056914
6479,0.0686015
6480,0.0260882
6481,0.0254683
6482,0.0377126
6483,0.041006
6484,0.0188451
6485,0.0235162
6486,0.0240308
6487,0.056522
6488,0.0483283
6489,0.0277373
6490,0.0316663
6491,0.0127575
6492,0.0571528
6493,0.0711068
6494,0.0287468
6495,0.0343856
6496,0.062469
6497,0.0383017
6498,0.0467527
6499,0.0165572
6500,0.0236652
6501,0.0318031
6502,0.0131514
6503,0.033354
6504,0.0732619
6505,0.0624489
6506,0.0378676
6507,0.0385072
6508,0.0555982
6509,0.0601741
6510,0.0539587
6511,0.02598
6512,0.0398948
6513,0.0258316
6514,0.0354688
6515,0.0507156
6516,0.0274913
6517,0.038899
6518,0.0163067
6519,0.0511002
6520,0.0406753
6521,0.0381038
6522,0.0421373
6523,0.0296104
6524,0.0454765
6525,0.0178525
6526,0.0216368
6527,0.0374272
6528,0.017817
6529,0.0360352
6530,0.0229866
6531,0.0357572
6532,0.0109432
6533,0.0140848
6534,0.0402885
6535,0.0243618
6536,0.039801
6537,0.0312093
6538,0.0256463
6539,0.0296565
6540,0.0236563
6541,0.0366134
6542,0.0392499
6543,0.0622985
6544,0.0469392
6545,0.0300392
6546,0.0172238
6547,0.0238969
6548,0.0252627
6549,0.0280812
6550,0.0153748
6551,0.0118653
6552,0.045009
6553,0.0235988
6554,0.0286442
6555,0.030678
6556,0.0221577
6557,0.0155204
6558,0.0239207
6559,0.0191791
6560,0.0490088
6561,0.019758
6562,0.0374744
6563,0.0244394
6564,0.0520255
6565,0.0223173
6566,0.0422956
6567,0.0649917
6568,0.0707145
6569,0.046257
6570,0.0401282
6571,0.0159979
6572,0.0673777
6573,0.0368508
6574,0.0374866
6575,0.0667312
6576,0.0877094
6577,0.0445589
6578,0.0301846
6579,0.0164153
6580,0.0228572
6581,0.0221954
6582,0.00300341
6583,0.0351753
6584,0.0376352
6585,0.023901
6586,0.0609785
6587,0.063299
6588,0.0232643
6589,0.0457847
6590,0.0157923
6591,0.0303748
6592,0.0303116
6593,0.0394762
6594,0.0357905
6595,0.0266879
6596,0.0455004
6597,0.0642774
6598,0.0526052
6599,0.0677907
6600,0.0593668
6601,0.0587412
6602,0.0259738
6603,0.0211686
6604,0.0403461
6605,0.025839
6606,0.0235683
6607,0.0510266
6608,0.00687252
